/*******************************************************************************
 * Size: 24 px
 * Bpp: 2
 * Opts: --bpp 2 --size 24 --no-compress --stride 1 --align 1 --font SourceHanSansSC-Bold.otf --symbols ，·…：√%-≥上中下与仅传低佩保偏停储先入共击到分动势趋历参取史同后周善器回在坐备外失女始存完善密将就岁已常年开录心忘感成戴户手扫找持指接描支断新无时暂未条查检正氧测消点率用男监码确认第表考脉脱腕自落血管记设诊试请败超输过返连部配重量长需非页首高牙络网置位调整信号机较龄列解析同常蓝档达弱身案止即信质稳性良好不灌注静足校准中状态开始测量完成首页监测历史用户档案记录设置返回保存年龄身高手长自动男女未完善外周检测请先完善佩戴传感器血氧偏低心率未达标需指部波动过大保持静止脱落重新点击后重试即将页蓝牙连接断开检查开机较弱位置共条暂无存储就绪第上一页下一仅支持重新扫描手动输入忘记网络停止正在失败配找到点击密码SSIDWiFiGHz --range 32-127 --format lvgl -o lv_font_source_han_sans_bold_24.c
 ******************************************************************************/

#ifdef __has_include
    #if __has_include("lvgl.h")
        #ifndef LV_LVGL_H_INCLUDE_SIMPLE
            #define LV_LVGL_H_INCLUDE_SIMPLE
        #endif
    #endif
#endif

#ifdef LV_LVGL_H_INCLUDE_SIMPLE
    #include "lvgl.h"
#else
    #include "lvgl/lvgl.h"
#endif



#ifndef LV_FONT_SOURCE_HAN_SANS_BOLD_24
#define LV_FONT_SOURCE_HAN_SANS_BOLD_24 1
#endif

#if LV_FONT_SOURCE_HAN_SANS_BOLD_24

/*-----------------
 *    BITMAPS
 *----------------*/

/*Store the image of the glyphs*/
static LV_ATTRIBUTE_LARGE_CONST const uint8_t glyph_bitmap[] = {
    /* U+0020 " " */

    /* U+0021 "!" */
    0x7f, 0x1f, 0xc7, 0xf0, 0xfc, 0x3f, 0xf, 0xc3,
    0xf0, 0xfc, 0x3f, 0xf, 0xc3, 0xe0, 0xf8, 0x14,
    0x6, 0x47, 0xf6, 0xfe, 0xbf, 0x4b, 0x80,

    /* U+0022 "\"" */
    0xfe, 0xf, 0xef, 0xe0, 0xfe, 0xfe, 0xf, 0xef,
    0xe0, 0xfe, 0xbd, 0xb, 0xdb, 0xd0, 0xbd, 0x7c,
    0x7, 0xc3, 0xc0, 0x3c, 0x28, 0x2, 0x80,

    /* U+0023 "#" */
    0x0, 0xb8, 0x1e, 0x0, 0xb, 0x42, 0xe0, 0x0,
    0xf0, 0x2d, 0x0, 0xf, 0x3, 0xd0, 0x2f, 0xff,
    0xff, 0xd2, 0xff, 0xff, 0xfd, 0x6, 0xf5, 0x7d,
    0x40, 0x1e, 0x7, 0xc0, 0x2, 0xe0, 0x78, 0x0,
    0x2d, 0xb, 0x80, 0x17, 0xe5, 0xb9, 0x43, 0xff,
    0xff, 0xfc, 0x3f, 0xff, 0xff, 0xc0, 0x3c, 0xf,
    0x0, 0x3, 0xc0, 0xf0, 0x0, 0x7c, 0xf, 0x0,
    0x7, 0x81, 0xf0, 0x0, 0xb8, 0x1e, 0x0,

    /* U+0024 "$" */
    0x0, 0x28, 0x0, 0x0, 0x3d, 0x0, 0x0, 0x3d,
    0x0, 0x1, 0xbf, 0x40, 0xb, 0xff, 0xf4, 0x1f,
    0xff, 0xfc, 0x3f, 0xc0, 0xb4, 0x3f, 0x40, 0x0,
    0x3f, 0x40, 0x0, 0x3f, 0xd0, 0x0, 0x1f, 0xf8,
    0x0, 0x7, 0xff, 0x80, 0x0, 0xff, 0xf0, 0x0,
    0x1f, 0xfc, 0x0, 0x2, 0xfc, 0x0, 0x0, 0xfd,
    0x0, 0x0, 0xfd, 0x28, 0x1, 0xfd, 0x7f, 0xeb,
    0xfc, 0x7f, 0xff, 0xf4, 0xb, 0xff, 0x80, 0x0,
    0x7d, 0x0, 0x0, 0x3d, 0x0, 0x0, 0x3d, 0x0,

    /* U+0025 "%" */
    0x2, 0xf8, 0x0, 0x3, 0xc0, 0x0, 0x3f, 0xfc,
    0x0, 0x1e, 0x0, 0x2, 0xf0, 0xfc, 0x0, 0xf0,
    0x0, 0xf, 0x81, 0xf0, 0xb, 0x80, 0x0, 0x3d,
    0x3, 0xd0, 0x3c, 0x0, 0x0, 0xf4, 0xf, 0x42,
    0xd0, 0x0, 0x3, 0xd0, 0x3d, 0xf, 0x0, 0x0,
    0xf, 0x81, 0xf0, 0xb4, 0x2f, 0x80, 0x2f, 0xf,
    0xc3, 0xc3, 0xff, 0xc0, 0x3f, 0xfc, 0x3d, 0x2f,
    0xf, 0x80, 0x2f, 0x81, 0xf0, 0xf4, 0x1f, 0x0,
    0x0, 0xf, 0x43, 0xd0, 0x3c, 0x0, 0x0, 0x78,
    0x1f, 0x0, 0xf4, 0x0, 0x3, 0xc0, 0x3d, 0x3,
    0xc0, 0x0, 0x1e, 0x0, 0xf4, 0x1f, 0x0, 0x0,
    0xf0, 0x2, 0xf0, 0xf8, 0x0, 0xb, 0x80, 0x3,
    0xff, 0xc0, 0x0, 0x3c, 0x0, 0x2, 0xf8, 0x0,

    /* U+0026 "&" */
    0x0, 0x2f, 0xe0, 0x0, 0x0, 0xf, 0xff, 0xc0,
    0x0, 0x2, 0xfd, 0xfd, 0x0, 0x0, 0x3f, 0x3,
    0xe0, 0x0, 0x3, 0xf0, 0x3e, 0x0, 0x0, 0x3f,
    0xb, 0xd0, 0x0, 0x2, 0xf7, 0xf8, 0x0, 0x0,
    0xf, 0xfe, 0x0, 0x0, 0x1, 0xff, 0x40, 0x1f,
    0xc0, 0xbf, 0xf8, 0x2, 0xf8, 0x1f, 0xef, 0xe0,
    0x3f, 0x3, 0xf8, 0x7f, 0x8b, 0xe0, 0x3f, 0x2,
    0xff, 0xfc, 0x3, 0xf0, 0x7, 0xff, 0x40, 0x3f,
    0xc0, 0x3f, 0xfe, 0x2, 0xff, 0xff, 0xff, 0xfc,
    0xb, 0xff, 0xfd, 0x7f, 0xc0, 0x1b, 0xfa, 0x0,
    0x68,

    /* U+0027 "'" */
    0xfe, 0xfe, 0xfe, 0xfe, 0xbd, 0xbd, 0x7c, 0x3c,
    0x28,

    /* U+0028 "(" */
    0x0, 0x0, 0x3d, 0x7, 0xd0, 0xfc, 0xf, 0x42,
    0xf0, 0x3f, 0x3, 0xe0, 0x7d, 0xb, 0xc0, 0xfc,
    0xf, 0xc0, 0xfc, 0xf, 0xc0, 0xfc, 0xf, 0xc0,
    0xbc, 0xb, 0xd0, 0x7d, 0x3, 0xe0, 0x3f, 0x1,
    0xf4, 0xf, 0x80, 0xbc, 0x3, 0xe0, 0x28,

    /* U+0029 ")" */
    0x0, 0x1, 0xf0, 0x7, 0xd0, 0xf, 0xc0, 0x1f,
    0x40, 0x3e, 0x0, 0xfc, 0x2, 0xf4, 0x7, 0xe0,
    0xf, 0x80, 0x3f, 0x0, 0xfc, 0x3, 0xf0, 0xf,
    0xc0, 0x3f, 0x0, 0xfc, 0x3, 0xf0, 0xf, 0x80,
    0x7d, 0x2, 0xf0, 0xf, 0xc0, 0x3e, 0x2, 0xf0,
    0xf, 0x80, 0xbc, 0x0, 0xa0, 0x0,

    /* U+002A "*" */
    0x0, 0xf0, 0x0, 0xf, 0x0, 0x10, 0xf0, 0x4b,
    0xff, 0xfe, 0x7f, 0xff, 0xd0, 0x7f, 0xe0, 0x7,
    0xfe, 0x0, 0xfa, 0xf0, 0x1f, 0xb, 0x40, 0x0,
    0x10,

    /* U+002B "+" */
    0x0, 0xf, 0x40, 0x0, 0x0, 0xf4, 0x0, 0x0,
    0xf, 0x40, 0x0, 0x0, 0xf4, 0x0, 0x0, 0xf,
    0x40, 0x2, 0xaa, 0xfa, 0xa8, 0x3f, 0xff, 0xff,
    0xc3, 0xff, 0xff, 0xfc, 0x0, 0xf, 0x40, 0x0,
    0x0, 0xf4, 0x0, 0x0, 0xf, 0x40, 0x0, 0x0,
    0xf4, 0x0, 0x0, 0xf, 0x40, 0x0,

    /* U+002C "," */
    0x0, 0x2, 0xf8, 0x3f, 0xc3, 0xfd, 0x1f, 0xe0,
    0x3d, 0x7, 0xc1, 0xf8, 0xbf, 0x7, 0x80, 0x0,
    0x0,

    /* U+002D "-" */
    0x6a, 0xa7, 0xff, 0xef, 0xff, 0x80,

    /* U+002E "." */
    0xa, 0x3, 0xfc, 0x3f, 0xc3, 0xfc, 0x1f, 0x40,

    /* U+002F "/" */
    0x0, 0xf, 0x80, 0x3, 0xd0, 0x1, 0xf0, 0x0,
    0xbc, 0x0, 0x3e, 0x0, 0xf, 0x40, 0x7, 0xc0,
    0x2, 0xf0, 0x0, 0xf8, 0x0, 0x3d, 0x0, 0x1f,
    0x0, 0xb, 0xc0, 0x3, 0xe0, 0x0, 0xf4, 0x0,
    0x7c, 0x0, 0x2f, 0x0, 0xf, 0x80, 0x3, 0xd0,
    0x1, 0xf0, 0x0, 0xbc, 0x0, 0x3e, 0x0, 0xf,
    0x40, 0x7, 0xc0, 0x2, 0xf0, 0x0,

    /* U+0030 "0" */
    0x1, 0xff, 0x40, 0x2, 0xff, 0xf8, 0x1, 0xff,
    0xff, 0x80, 0xfe, 0x7, 0xf0, 0x7f, 0x0, 0xfe,
    0x2f, 0x80, 0x2f, 0xcf, 0xe0, 0x7, 0xf3, 0xf4,
    0x1, 0xfc, 0xfd, 0x0, 0x7f, 0x3f, 0x40, 0x1f,
    0xcf, 0xd0, 0x7, 0xf2, 0xf8, 0x1, 0xfc, 0xbe,
    0x0, 0xbe, 0x1f, 0xc0, 0x3f, 0x43, 0xf8, 0x2f,
    0xc0, 0x7f, 0xff, 0xe0, 0xb, 0xff, 0xe0, 0x0,
    0x7f, 0xd0, 0x0,

    /* U+0031 "1" */
    0x0, 0x7f, 0x40, 0xb, 0xff, 0x40, 0x1f, 0xff,
    0x40, 0x1a, 0xff, 0x40, 0x0, 0x3f, 0x40, 0x0,
    0x3f, 0x40, 0x0, 0x3f, 0x40, 0x0, 0x3f, 0x40,
    0x0, 0x3f, 0x40, 0x0, 0x3f, 0x40, 0x0, 0x3f,
    0x40, 0x0, 0x3f, 0x40, 0x0, 0x3f, 0x40, 0x0,
    0x3f, 0x40, 0x0, 0x3f, 0x40, 0x3f, 0xff, 0xfe,
    0x3f, 0xff, 0xfe, 0x3f, 0xff, 0xfe,

    /* U+0032 "2" */
    0x1, 0xbf, 0x80, 0x2, 0xff, 0xfd, 0x2, 0xff,
    0xff, 0xc0, 0x7d, 0x7, 0xf8, 0x4, 0x0, 0xbf,
    0x0, 0x0, 0x1f, 0xc0, 0x0, 0x7, 0xf0, 0x0,
    0x2, 0xf8, 0x0, 0x0, 0xfd, 0x0, 0x0, 0xfe,
    0x0, 0x0, 0xbf, 0x0, 0x0, 0x7f, 0x40, 0x0,
    0x7f, 0x80, 0x0, 0x7f, 0x80, 0x0, 0xbf, 0x80,
    0x0, 0xbf, 0xff, 0xff, 0x3f, 0xff, 0xff, 0xcf,
    0xff, 0xff, 0xf0,

    /* U+0033 "3" */
    0x1, 0xbf, 0x90, 0x2, 0xff, 0xff, 0x2, 0xff,
    0xff, 0xe0, 0x2d, 0x3, 0xfc, 0x0, 0x0, 0x7f,
    0x0, 0x0, 0x2f, 0xc0, 0x0, 0x2f, 0xe0, 0x2,
    0xff, 0xd0, 0x0, 0xbf, 0xe0, 0x0, 0x1b, 0xff,
    0x40, 0x0, 0xb, 0xf0, 0x0, 0x0, 0xfe, 0x0,
    0x0, 0x3f, 0xc2, 0x0, 0xf, 0xe2, 0xf4, 0xb,
    0xf4, 0xff, 0xff, 0xfc, 0x1f, 0xff, 0xfc, 0x0,
    0x7f, 0xe4, 0x0,

    /* U+0034 "4" */
    0x0, 0x3, 0xfd, 0x0, 0x0, 0xff, 0xd0, 0x0,
    0x1f, 0xfd, 0x0, 0x3, 0xff, 0xd0, 0x0, 0xbd,
    0xfd, 0x0, 0x1f, 0xcf, 0xd0, 0x3, 0xf4, 0xfd,
    0x0, 0xbe, 0xf, 0xd0, 0xf, 0xc0, 0xfd, 0x3,
    0xf4, 0xf, 0xd0, 0x7f, 0xaa, 0xff, 0x97, 0xff,
    0xff, 0xfd, 0x7f, 0xff, 0xff, 0xd0, 0x0, 0xf,
    0xd0, 0x0, 0x0, 0xfd, 0x0, 0x0, 0xf, 0xd0,
    0x0, 0x0, 0xfd, 0x0, 0x0, 0xf, 0xd0,

    /* U+0035 "5" */
    0xb, 0xff, 0xff, 0x2, 0xff, 0xff, 0xc0, 0xbf,
    0xff, 0xf0, 0x2f, 0x80, 0x0, 0xb, 0xd0, 0x0,
    0x3, 0xf4, 0x0, 0x0, 0xfe, 0xfe, 0x0, 0x3f,
    0xff, 0xf4, 0xb, 0xeb, 0xff, 0x0, 0x40, 0x2f,
    0xd0, 0x0, 0x3, 0xf8, 0x0, 0x0, 0xbf, 0x0,
    0x0, 0x3f, 0xc1, 0x0, 0xf, 0xe2, 0xf4, 0xf,
    0xf0, 0xff, 0xff, 0xf8, 0xf, 0xff, 0xf8, 0x0,
    0x6f, 0xe4, 0x0,

    /* U+0036 "6" */
    0x0, 0x7f, 0xe0, 0x0, 0xff, 0xff, 0x0, 0xff,
    0xff, 0xd0, 0xbf, 0x40, 0xa0, 0x3f, 0x40, 0x0,
    0x1f, 0xc0, 0x0, 0xb, 0xe0, 0x54, 0x2, 0xf9,
    0xff, 0xd0, 0xff, 0xff, 0xfc, 0x3f, 0xe4, 0x7f,
    0x8b, 0xf0, 0x7, 0xf2, 0xf8, 0x0, 0xfc, 0x7f,
    0x0, 0x3f, 0xf, 0xc0, 0x1f, 0xc2, 0xfc, 0xf,
    0xe0, 0x3f, 0xff, 0xf0, 0x7, 0xff, 0xf4, 0x0,
    0x2f, 0xe0, 0x0,

    /* U+0037 "7" */
    0xff, 0xff, 0xff, 0x3f, 0xff, 0xff, 0xcf, 0xff,
    0xff, 0xf0, 0x0, 0x3, 0xf0, 0x0, 0x2, 0xf4,
    0x0, 0x1, 0xf8, 0x0, 0x0, 0xfd, 0x0, 0x0,
    0x7f, 0x0, 0x0, 0x2f, 0x40, 0x0, 0xf, 0xc0,
    0x0, 0x7, 0xf0, 0x0, 0x2, 0xf8, 0x0, 0x0,
    0xfd, 0x0, 0x0, 0x3f, 0x40, 0x0, 0xf, 0xc0,
    0x0, 0x7, 0xf0, 0x0, 0x1, 0xfc, 0x0, 0x0,
    0x7f, 0x0, 0x0,

    /* U+0038 "8" */
    0x1, 0xbf, 0x80, 0x3, 0xff, 0xfc, 0x2, 0xfe,
    0xbf, 0xc0, 0xfd, 0x3, 0xf0, 0x3f, 0x0, 0xbd,
    0xf, 0xc0, 0x2f, 0x2, 0xf8, 0xf, 0xc0, 0x3f,
    0xd7, 0xc0, 0x3, 0xff, 0xd0, 0x2, 0xff, 0xfd,
    0x3, 0xf0, 0x7f, 0xc1, 0xf8, 0x3, 0xf8, 0xbd,
    0x0, 0x7f, 0x3f, 0x40, 0x1f, 0xcb, 0xf0, 0xb,
    0xf0, 0xff, 0xaf, 0xf4, 0x1f, 0xff, 0xf4, 0x0,
    0xbf, 0xe0, 0x0,

    /* U+0039 "9" */
    0x0, 0xbf, 0x80, 0x1, 0xff, 0xfd, 0x0, 0xff,
    0xff, 0xd0, 0xbf, 0x2, 0xfc, 0x3f, 0x40, 0x3f,
    0x4f, 0xc0, 0xb, 0xe3, 0xf4, 0x1, 0xfc, 0xfe,
    0x0, 0xff, 0x1f, 0xfb, 0xff, 0xc2, 0xff, 0xfb,
    0xf0, 0x1f, 0xe1, 0xfc, 0x0, 0x0, 0xbe, 0x0,
    0x0, 0x3f, 0x40, 0x0, 0x1f, 0xc0, 0x74, 0x1f,
    0xe0, 0x7f, 0xff, 0xf0, 0xf, 0xff, 0xf0, 0x0,
    0x7f, 0xd0, 0x0,

    /* U+003A ":" */
    0x1f, 0x43, 0xfc, 0x3f, 0xc3, 0xfc, 0xa, 0x0,
    0x0, 0x0, 0x0, 0x0, 0x0, 0x0, 0xa0, 0x3f,
    0xc3, 0xfc, 0x3f, 0xc1, 0xf4,

    /* U+003B ";" */
    0x1f, 0x43, 0xfc, 0x3f, 0xc3, 0xfc, 0xa, 0x0,
    0x0, 0x0, 0x0, 0x0, 0x0, 0x0, 0x0, 0x2f,
    0x83, 0xfc, 0x3f, 0xd1, 0xfe, 0x3, 0xd0, 0x7c,
    0x1f, 0x8b, 0xf0, 0x78, 0x0, 0x0,

    /* U+003C "<" */
    0x0, 0x0, 0x0, 0x0, 0x0, 0x0, 0x2c, 0x0,
    0x0, 0x7f, 0xc0, 0x0, 0xbf, 0xfc, 0x1, 0xff,
    0xf9, 0x2, 0xff, 0xe4, 0x0, 0x3f, 0xd0, 0x0,
    0x3, 0xff, 0x40, 0x0, 0x1b, 0xff, 0x90, 0x0,
    0x7, 0xff, 0xe4, 0x0, 0x6, 0xff, 0xc0, 0x0,
    0x1, 0xfc, 0x0, 0x0, 0x0, 0x80,

    /* U+003D "=" */
    0x3f, 0xff, 0xff, 0xc3, 0xff, 0xff, 0xfc, 0x2a,
    0xaa, 0xaa, 0x80, 0x0, 0x0, 0x0, 0x0, 0x0,
    0x0, 0x0, 0x0, 0x0, 0x0, 0x2a, 0xaa, 0xaa,
    0x83, 0xff, 0xff, 0xfc, 0x3f, 0xff, 0xff, 0xc0,

    /* U+003E ">" */
    0x0, 0x0, 0x0, 0x3, 0x90, 0x0, 0x0, 0x3f,
    0xd0, 0x0, 0x3, 0xff, 0xe4, 0x0, 0x2, 0xff,
    0xf8, 0x0, 0x1, 0xbf, 0xf8, 0x0, 0x0, 0x7f,
    0xc0, 0x0, 0x1b, 0xfc, 0x0, 0x6f, 0xff, 0x40,
    0xbf, 0xfe, 0x0, 0x3f, 0xf9, 0x0, 0x3, 0xf8,
    0x0, 0x0, 0x24, 0x0, 0x0, 0x0,

    /* U+003F "?" */
    0x6, 0xfe, 0x0, 0xbf, 0xff, 0xb, 0xff, 0xfe,
    0xb, 0x2, 0xfc, 0x0, 0x7, 0xf0, 0x0, 0x1f,
    0xc0, 0x0, 0xfd, 0x0, 0xf, 0xe0, 0x0, 0xfe,
    0x0, 0x7, 0xf0, 0x0, 0x2f, 0x40, 0x0, 0xa8,
    0x0, 0x0, 0x0, 0x0, 0x2, 0x80, 0x0, 0x3f,
    0x80, 0x1, 0xff, 0x0, 0x3, 0xfc, 0x0, 0x7,
    0xc0, 0x0,

    /* U+0040 "@" */
    0x0, 0x0, 0x6f, 0xfe, 0x0, 0x0, 0x0, 0x7f,
    0xff, 0xfe, 0x0, 0x0, 0x3f, 0xe5, 0x1b, 0xfc,
    0x0, 0xf, 0xe0, 0x0, 0x7, 0xf0, 0x3, 0xf4,
    0x0, 0x0, 0x1f, 0x80, 0xbd, 0x0, 0x0, 0x0,
    0xbc, 0xf, 0x80, 0x2f, 0x9f, 0x3, 0xd2, 0xf0,
    0xb, 0xff, 0xf0, 0x3e, 0x3e, 0x2, 0xf4, 0xbe,
    0x2, 0xe7, 0xc0, 0x3e, 0x3, 0xd0, 0x1f, 0x7c,
    0xb, 0xc0, 0x7c, 0x2, 0xeb, 0xc0, 0xf8, 0xb,
    0xc0, 0x2e, 0xbc, 0xf, 0x80, 0xbc, 0x3, 0xdb,
    0xc0, 0xf8, 0xf, 0xc0, 0xbc, 0xbc, 0xf, 0xd7,
    0xfc, 0x2f, 0x47, 0xc0, 0x7f, 0xf7, 0xff, 0xe0,
    0x3e, 0x1, 0xfc, 0x1f, 0xf4, 0x2, 0xf0, 0x0,
    0x0, 0x0, 0x0, 0xf, 0xc0, 0x0, 0x0, 0x0,
    0x0, 0x7f, 0x40, 0x0, 0x0, 0x0, 0x2, 0xff,
    0x91, 0x6d, 0x0, 0x0, 0x7, 0xff, 0xff, 0xe0,
    0x0, 0x0, 0x6, 0xff, 0xe0, 0x0, 0x0,

    /* U+0041 "A" */
    0x0, 0xb, 0xfc, 0x0, 0x0, 0x3, 0xff, 0x40,
    0x0, 0x0, 0xff, 0xe0, 0x0, 0x0, 0xbd, 0xfc,
    0x0, 0x0, 0x3f, 0x3f, 0x0, 0x0, 0xf, 0xcb,
    0xe0, 0x0, 0x7, 0xe1, 0xfc, 0x0, 0x3, 0xf4,
    0x3f, 0x0, 0x0, 0xfc, 0xb, 0xd0, 0x0, 0x7e,
    0x1, 0xfc, 0x0, 0x2f, 0xff, 0xff, 0x0, 0xf,
    0xff, 0xff, 0xd0, 0x7, 0xff, 0xff, 0xf8, 0x2,
    0xf8, 0x0, 0x7f, 0x0, 0xfd, 0x0, 0xf, 0xd0,
    0x7f, 0x0, 0x3, 0xf8, 0x2f, 0xc0, 0x0, 0xbf,
    0xf, 0xe0, 0x0, 0x1f, 0xd0,

    /* U+0042 "B" */
    0xff, 0xff, 0xd0, 0xf, 0xff, 0xff, 0xc0, 0xff,
    0xff, 0xff, 0xf, 0xe0, 0xb, 0xf4, 0xfe, 0x0,
    0x3f, 0x4f, 0xe0, 0x3, 0xf4, 0xfe, 0x0, 0xbf,
    0xf, 0xfa, 0xbf, 0xd0, 0xff, 0xff, 0xf8, 0xf,
    0xff, 0xff, 0xf0, 0xfe, 0x0, 0x7f, 0xcf, 0xe0,
    0x1, 0xfc, 0xfe, 0x0, 0xf, 0xdf, 0xe0, 0x1,
    0xfd, 0xfe, 0x0, 0x3f, 0xcf, 0xff, 0xff, 0xf4,
    0xff, 0xff, 0xfe, 0xf, 0xff, 0xfe, 0x0,

    /* U+0043 "C" */
    0x0, 0x1b, 0xf9, 0x0, 0x7, 0xff, 0xfe, 0x0,
    0x7f, 0xff, 0xfd, 0x3, 0xfe, 0x46, 0xe0, 0x2f,
    0xe0, 0x0, 0x0, 0xff, 0x0, 0x0, 0x7, 0xf4,
    0x0, 0x0, 0x2f, 0xc0, 0x0, 0x0, 0xbf, 0x0,
    0x0, 0x2, 0xfc, 0x0, 0x0, 0xb, 0xf0, 0x0,
    0x0, 0x1f, 0xd0, 0x0, 0x0, 0x3f, 0xc0, 0x0,
    0x0, 0xff, 0x80, 0x1, 0x0, 0xff, 0x91, 0xbd,
    0x1, 0xff, 0xff, 0xfc, 0x1, 0xff, 0xff, 0x80,
    0x0, 0x7f, 0xe4, 0x0,

    /* U+0044 "D" */
    0xff, 0xfe, 0x80, 0xf, 0xff, 0xff, 0x80, 0xff,
    0xff, 0xfe, 0xf, 0xe0, 0x1f, 0xf4, 0xfe, 0x0,
    0x3f, 0xcf, 0xe0, 0x2, 0xfd, 0xfe, 0x0, 0xf,
    0xef, 0xe0, 0x0, 0xfe, 0xfe, 0x0, 0xf, 0xff,
    0xe0, 0x0, 0xff, 0xfe, 0x0, 0xf, 0xef, 0xe0,
    0x0, 0xfe, 0xfe, 0x0, 0x2f, 0xdf, 0xe0, 0x3,
    0xfc, 0xfe, 0x2, 0xff, 0x4f, 0xff, 0xff, 0xe0,
    0xff, 0xff, 0xf8, 0xf, 0xff, 0xf8, 0x0,

    /* U+0045 "E" */
    0xff, 0xff, 0xfc, 0xff, 0xff, 0xfc, 0xff, 0xff,
    0xfc, 0xfe, 0x0, 0x0, 0xfe, 0x0, 0x0, 0xfe,
    0x0, 0x0, 0xfe, 0x0, 0x0, 0xff, 0xff, 0xf0,
    0xff, 0xff, 0xf0, 0xff, 0xff, 0xf0, 0xfe, 0x0,
    0x0, 0xfe, 0x0, 0x0, 0xfe, 0x0, 0x0, 0xfe,
    0x0, 0x0, 0xfe, 0x0, 0x0, 0xff, 0xff, 0xfd,
    0xff, 0xff, 0xfd, 0xff, 0xff, 0xfd,

    /* U+0046 "F" */
    0xff, 0xff, 0xfc, 0xff, 0xff, 0xfc, 0xff, 0xff,
    0xfc, 0xfe, 0x0, 0x0, 0xfe, 0x0, 0x0, 0xfe,
    0x0, 0x0, 0xfe, 0x0, 0x0, 0xfe, 0x0, 0x0,
    0xff, 0xff, 0xf0, 0xff, 0xff, 0xf0, 0xff, 0xff,
    0xf0, 0xfe, 0x0, 0x0, 0xfe, 0x0, 0x0, 0xfe,
    0x0, 0x0, 0xfe, 0x0, 0x0, 0xfe, 0x0, 0x0,
    0xfe, 0x0, 0x0, 0xfe, 0x0, 0x0,

    /* U+0047 "G" */
    0x0, 0x1b, 0xfe, 0x0, 0x3, 0xff, 0xff, 0x40,
    0x7f, 0xff, 0xff, 0x3, 0xff, 0x41, 0xf4, 0x2f,
    0xe0, 0x0, 0x0, 0xff, 0x0, 0x0, 0x7, 0xf4,
    0x0, 0x0, 0x2f, 0xc0, 0x0, 0x0, 0xbf, 0x0,
    0xbf, 0xfa, 0xfc, 0x2, 0xff, 0xeb, 0xf0, 0xb,
    0xff, 0x9f, 0xd0, 0x0, 0xbe, 0x3f, 0xc0, 0x2,
    0xf8, 0xff, 0x80, 0xb, 0xe0, 0xff, 0xd0, 0x7f,
    0x81, 0xff, 0xff, 0xfe, 0x1, 0xff, 0xff, 0xe0,
    0x0, 0x6f, 0xf8, 0x0,

    /* U+0048 "H" */
    0xfe, 0x0, 0xb, 0xff, 0xe0, 0x0, 0xbf, 0xfe,
    0x0, 0xb, 0xff, 0xe0, 0x0, 0xbf, 0xfe, 0x0,
    0xb, 0xff, 0xe0, 0x0, 0xbf, 0xfe, 0x0, 0xb,
    0xff, 0xff, 0xff, 0xff, 0xff, 0xff, 0xff, 0xff,
    0xff, 0xff, 0xff, 0xff, 0x0, 0xb, 0xff, 0xe0,
    0x0, 0xbf, 0xfe, 0x0, 0xb, 0xff, 0xe0, 0x0,
    0xbf, 0xfe, 0x0, 0xb, 0xff, 0xe0, 0x0, 0xbf,
    0xfe, 0x0, 0xb, 0xff, 0xe0, 0x0, 0xbf,

    /* U+0049 "I" */
    0xfe, 0xfe, 0xfe, 0xfe, 0xfe, 0xfe, 0xfe, 0xfe,
    0xfe, 0xfe, 0xfe, 0xfe, 0xfe, 0xfe, 0xfe, 0xfe,
    0xfe, 0xfe,

    /* U+004A "J" */
    0x0, 0x0, 0xfe, 0x0, 0x0, 0xfe, 0x0, 0x0,
    0xfe, 0x0, 0x0, 0xfe, 0x0, 0x0, 0xfe, 0x0,
    0x0, 0xfe, 0x0, 0x0, 0xfe, 0x0, 0x0, 0xfe,
    0x0, 0x0, 0xfe, 0x0, 0x0, 0xfe, 0x0, 0x0,
    0xfe, 0x0, 0x0, 0xfe, 0x0, 0x0, 0xfd, 0x4,
    0x1, 0xfd, 0x3f, 0x47, 0xfc, 0x3f, 0xff, 0xf8,
    0xf, 0xff, 0xe0, 0x2, 0xfe, 0x40,

    /* U+004B "K" */
    0xfe, 0x0, 0x2f, 0xc3, 0xf8, 0x1, 0xfd, 0xf,
    0xe0, 0xf, 0xe0, 0x3f, 0x80, 0xff, 0x0, 0xfe,
    0xb, 0xf0, 0x3, 0xf8, 0x7f, 0x40, 0xf, 0xe3,
    0xf8, 0x0, 0x3f, 0xff, 0xd0, 0x0, 0xff, 0xff,
    0xc0, 0x3, 0xff, 0xff, 0x80, 0xf, 0xfe, 0xbf,
    0x0, 0x3f, 0xf0, 0xfe, 0x0, 0xff, 0x1, 0xfd,
    0x3, 0xf8, 0x3, 0xfc, 0xf, 0xe0, 0x7, 0xf8,
    0x3f, 0x80, 0xf, 0xf0, 0xfe, 0x0, 0xf, 0xe3,
    0xf8, 0x0, 0x2f, 0xd0,

    /* U+004C "L" */
    0xfe, 0x0, 0x3, 0xf8, 0x0, 0xf, 0xe0, 0x0,
    0x3f, 0x80, 0x0, 0xfe, 0x0, 0x3, 0xf8, 0x0,
    0xf, 0xe0, 0x0, 0x3f, 0x80, 0x0, 0xfe, 0x0,
    0x3, 0xf8, 0x0, 0xf, 0xe0, 0x0, 0x3f, 0x80,
    0x0, 0xfe, 0x0, 0x3, 0xf8, 0x0, 0xf, 0xe0,
    0x0, 0x3f, 0xff, 0xff, 0xff, 0xff, 0xff, 0xff,
    0xff, 0xf0,

    /* U+004D "M" */
    0xff, 0x40, 0x0, 0xff, 0x7f, 0xe0, 0x0, 0x3f,
    0xdf, 0xfc, 0x0, 0x2f, 0xf7, 0xff, 0x40, 0xf,
    0xfd, 0xff, 0xe0, 0x3, 0xff, 0x7f, 0xbc, 0x2,
    0xfb, 0xdf, 0xdf, 0x40, 0xfa, 0xf7, 0xf3, 0xf0,
    0x7d, 0xfd, 0xfd, 0xbc, 0x2f, 0x3f, 0x7f, 0x5f,
    0x4f, 0x8f, 0xdf, 0xd3, 0xf3, 0xd3, 0xf7, 0xf4,
    0xbe, 0xf0, 0xfd, 0xfd, 0xf, 0xf8, 0x3f, 0x7f,
    0x43, 0xfd, 0xf, 0xdf, 0xd0, 0x7f, 0x3, 0xf7,
    0xf4, 0xf, 0x80, 0xfd, 0xfd, 0x1, 0x40, 0x3f,
    0x7f, 0x40, 0x0, 0xf, 0xd0,

    /* U+004E "N" */
    0xff, 0x0, 0xb, 0xff, 0xf8, 0x0, 0xbf, 0xff,
    0xc0, 0xb, 0xff, 0xfe, 0x0, 0xbf, 0xff, 0xf0,
    0xb, 0xff, 0xdf, 0xc0, 0xbf, 0xfd, 0xfd, 0xb,
    0xff, 0xd7, 0xf0, 0xbf, 0xfd, 0x3f, 0x4b, 0xff,
    0xd1, 0xfc, 0x7f, 0xfe, 0xf, 0xd7, 0xff, 0xe0,
    0x7f, 0x7f, 0xfe, 0x3, 0xfb, 0xff, 0xe0, 0xf,
    0xff, 0xfe, 0x0, 0xbf, 0xff, 0xe0, 0x3, 0xff,
    0xfe, 0x0, 0x2f, 0xff, 0xe0, 0x0, 0xff,

    /* U+004F "O" */
    0x0, 0x2f, 0xf9, 0x0, 0x0, 0xbf, 0xff, 0xf0,
    0x0, 0xbf, 0xff, 0xff, 0x0, 0x7f, 0xe4, 0x7f,
    0xf0, 0x3f, 0xd0, 0x3, 0xfd, 0xf, 0xe0, 0x0,
    0x3f, 0x87, 0xf4, 0x0, 0xf, 0xf2, 0xfc, 0x0,
    0x2, 0xfc, 0xbf, 0x0, 0x0, 0x7f, 0x2f, 0xc0,
    0x0, 0x2f, 0xcb, 0xf0, 0x0, 0xb, 0xf1, 0xfd,
    0x0, 0x3, 0xfc, 0x3f, 0x80, 0x1, 0xfe, 0xf,
    0xf4, 0x0, 0xff, 0x1, 0xff, 0x91, 0xff, 0x80,
    0x2f, 0xff, 0xff, 0xc0, 0x1, 0xff, 0xff, 0xc0,
    0x0, 0xb, 0xfe, 0x40, 0x0,

    /* U+0050 "P" */
    0xff, 0xff, 0x90, 0x3f, 0xff, 0xff, 0xf, 0xff,
    0xff, 0xf3, 0xf8, 0x2, 0xfe, 0xfe, 0x0, 0x3f,
    0xff, 0x80, 0xb, 0xff, 0xe0, 0x2, 0xff, 0xf8,
    0x0, 0xfe, 0xfe, 0x1, 0xff, 0x7f, 0xff, 0xff,
    0x8f, 0xff, 0xff, 0x83, 0xff, 0xfa, 0x0, 0xfe,
    0x0, 0x0, 0x3f, 0x80, 0x0, 0xf, 0xe0, 0x0,
    0x3, 0xf8, 0x0, 0x0, 0xfe, 0x0, 0x0, 0x3f,
    0x80, 0x0, 0x0,

    /* U+0051 "Q" */
    0x0, 0x2f, 0xf9, 0x0, 0x0, 0x7f, 0xff, 0xf0,
    0x0, 0xbf, 0xff, 0xff, 0x0, 0x7f, 0xe4, 0x7f,
    0xe0, 0x3f, 0xd0, 0x3, 0xfd, 0xf, 0xe0, 0x0,
    0x7f, 0x87, 0xf4, 0x0, 0xf, 0xf2, 0xfc, 0x0,
    0x2, 0xfc, 0xbf, 0x0, 0x0, 0xbf, 0x2f, 0xc0,
    0x0, 0x1f, 0xcb, 0xf0, 0x0, 0xb, 0xf1, 0xfc,
    0x0, 0x2, 0xfc, 0x3f, 0x80, 0x0, 0xfe, 0xf,
    0xf0, 0x0, 0x7f, 0x41, 0xfe, 0x0, 0x7f, 0xc0,
    0x3f, 0xfa, 0xbf, 0xd0, 0x3, 0xff, 0xff, 0xd0,
    0x0, 0x2f, 0xff, 0x80, 0x0, 0x0, 0x7f, 0x80,
    0x0, 0x0, 0xb, 0xf8, 0x0, 0x0, 0x0, 0xff,
    0xff, 0x40, 0x0, 0xb, 0xff, 0xe0, 0x0, 0x0,
    0x2f, 0xf8,

    /* U+0052 "R" */
    0xff, 0xff, 0xe0, 0xf, 0xff, 0xff, 0xd0, 0xff,
    0xff, 0xff, 0x4f, 0xe0, 0x7, 0xfc, 0xfe, 0x0,
    0x2f, 0xcf, 0xe0, 0x1, 0xfc, 0xfe, 0x0, 0x2f,
    0xcf, 0xe0, 0xb, 0xf8, 0xff, 0xff, 0xff, 0xf,
    0xff, 0xff, 0xd0, 0xff, 0xff, 0xf0, 0xf, 0xe0,
    0xbf, 0x0, 0xfe, 0x3, 0xfc, 0xf, 0xe0, 0x1f,
    0xd0, 0xfe, 0x0, 0xff, 0xf, 0xe0, 0x7, 0xf4,
    0xfe, 0x0, 0x3f, 0xcf, 0xe0, 0x1, 0xfe,

    /* U+0053 "S" */
    0x0, 0xbf, 0xe0, 0x0, 0xbf, 0xff, 0xd0, 0x1f,
    0xff, 0xff, 0x3, 0xfd, 0x7, 0xd0, 0x3f, 0x40,
    0x4, 0x3, 0xf8, 0x0, 0x0, 0x3f, 0xe0, 0x0,
    0x1, 0xff, 0xe4, 0x0, 0x7, 0xff, 0xf4, 0x0,
    0xb, 0xff, 0xe0, 0x0, 0x7, 0xff, 0x40, 0x0,
    0x7, 0xfc, 0x0, 0x0, 0x2f, 0xc1, 0x80, 0x3,
    0xfc, 0x7f, 0x90, 0xbf, 0x8b, 0xff, 0xff, 0xf0,
    0x2f, 0xff, 0xfc, 0x0, 0x1f, 0xf9, 0x0,

    /* U+0054 "T" */
    0x7f, 0xff, 0xff, 0xf5, 0xff, 0xff, 0xff, 0xd7,
    0xff, 0xff, 0xff, 0x40, 0x7, 0xf4, 0x0, 0x0,
    0x1f, 0xd0, 0x0, 0x0, 0x7f, 0x40, 0x0, 0x1,
    0xfd, 0x0, 0x0, 0x7, 0xf4, 0x0, 0x0, 0x1f,
    0xd0, 0x0, 0x0, 0x7f, 0x40, 0x0, 0x1, 0xfd,
    0x0, 0x0, 0x7, 0xf4, 0x0, 0x0, 0x1f, 0xd0,
    0x0, 0x0, 0x7f, 0x40, 0x0, 0x1, 0xfd, 0x0,
    0x0, 0x7, 0xf4, 0x0, 0x0, 0x1f, 0xd0, 0x0,
    0x0, 0x7f, 0x40, 0x0,

    /* U+0055 "U" */
    0xfe, 0x0, 0xb, 0xff, 0xe0, 0x0, 0xbf, 0xfe,
    0x0, 0xb, 0xff, 0xe0, 0x0, 0xbf, 0xfe, 0x0,
    0xb, 0xff, 0xe0, 0x0, 0xbf, 0xfe, 0x0, 0xb,
    0xff, 0xe0, 0x0, 0xbf, 0xfe, 0x0, 0xb, 0xff,
    0xe0, 0x0, 0xbf, 0xfe, 0x0, 0xb, 0xff, 0xf0,
    0x0, 0xbf, 0xbf, 0x0, 0xf, 0xe7, 0xf4, 0x1,
    0xfd, 0x3f, 0xd0, 0x7f, 0xc1, 0xff, 0xff, 0xf4,
    0xb, 0xff, 0xfe, 0x0, 0xb, 0xfe, 0x40,

    /* U+0056 "V" */
    0x3f, 0x80, 0x0, 0xff, 0x2f, 0xc0, 0x0, 0xfe,
    0x1f, 0xd0, 0x1, 0xfc, 0xf, 0xe0, 0x2, 0xfc,
    0xf, 0xf0, 0x3, 0xf8, 0x7, 0xf0, 0x3, 0xf4,
    0x3, 0xf4, 0x7, 0xf0, 0x3, 0xf8, 0xb, 0xe0,
    0x2, 0xfc, 0xf, 0xd0, 0x1, 0xfc, 0xf, 0xc0,
    0x0, 0xfd, 0x2f, 0x80, 0x0, 0xbe, 0x3f, 0x40,
    0x0, 0x7f, 0x3f, 0x0, 0x0, 0x3f, 0x7f, 0x0,
    0x0, 0x3f, 0xfe, 0x0, 0x0, 0x2f, 0xfc, 0x0,
    0x0, 0xf, 0xfc, 0x0, 0x0, 0xf, 0xf8, 0x0,

    /* U+0057 "W" */
    0x7f, 0x0, 0x2f, 0x80, 0xf, 0xd7, 0xf4, 0x3,
    0xfc, 0x0, 0xfc, 0x3f, 0x40, 0x3f, 0xc0, 0x1f,
    0xc3, 0xf8, 0x7, 0xfd, 0x1, 0xfc, 0x2f, 0xc0,
    0xbf, 0xe0, 0x2f, 0x82, 0xfc, 0xf, 0xff, 0x3,
    0xf4, 0x1f, 0xc0, 0xfa, 0xf0, 0x3f, 0x40, 0xfc,
    0x1f, 0x6f, 0x43, 0xf0, 0xf, 0xd1, 0xf1, 0xf8,
    0x7f, 0x0, 0xfe, 0x2f, 0xf, 0x87, 0xe0, 0xb,
    0xe3, 0xf0, 0xfc, 0xbe, 0x0, 0x7f, 0x3e, 0xb,
    0xcb, 0xd0, 0x3, 0xf7, 0xd0, 0x7d, 0xfc, 0x0,
    0x3f, 0xbc, 0x7, 0xef, 0xc0, 0x3, 0xff, 0xc0,
    0x3f, 0xfc, 0x0, 0x2f, 0xf8, 0x3, 0xff, 0x80,
    0x1, 0xff, 0x40, 0x2f, 0xf4, 0x0, 0x1f, 0xf0,
    0x1, 0xff, 0x0,

    /* U+0058 "X" */
    0x3f, 0xc0, 0xb, 0xf0, 0xbf, 0x40, 0x3f, 0x80,
    0xff, 0x1, 0xfc, 0x1, 0xfc, 0xf, 0xe0, 0x3,
    0xf8, 0x7f, 0x0, 0x7, 0xf3, 0xf8, 0x0, 0xf,
    0xff, 0xc0, 0x0, 0x1f, 0xfd, 0x0, 0x0, 0x3f,
    0xf0, 0x0, 0x0, 0xff, 0xc0, 0x0, 0xb, 0xff,
    0x80, 0x0, 0x3f, 0xbf, 0x0, 0x2, 0xf8, 0xfe,
    0x0, 0xf, 0xc1, 0xfc, 0x0, 0xff, 0x3, 0xfc,
    0x7, 0xf4, 0x7, 0xf4, 0x3f, 0xc0, 0xf, 0xf1,
    0xfd, 0x0, 0x1f, 0xd0,

    /* U+0059 "Y" */
    0x3f, 0xc0, 0x3, 0xfc, 0x1f, 0xc0, 0x3, 0xf4,
    0xf, 0xe0, 0xb, 0xf0, 0xb, 0xf0, 0xf, 0xd0,
    0x3, 0xf4, 0x1f, 0xc0, 0x2, 0xfc, 0x3f, 0x80,
    0x0, 0xfc, 0x3f, 0x0, 0x0, 0xbe, 0xbe, 0x0,
    0x0, 0x3f, 0xfc, 0x0, 0x0, 0x2f, 0xf8, 0x0,
    0x0, 0xf, 0xf0, 0x0, 0x0, 0xf, 0xf0, 0x0,
    0x0, 0xf, 0xe0, 0x0, 0x0, 0xf, 0xe0, 0x0,
    0x0, 0xf, 0xe0, 0x0, 0x0, 0xf, 0xe0, 0x0,
    0x0, 0xf, 0xe0, 0x0, 0x0, 0xf, 0xe0, 0x0,

    /* U+005A "Z" */
    0x3f, 0xff, 0xff, 0x8f, 0xff, 0xff, 0xe3, 0xff,
    0xff, 0xf4, 0x0, 0x3, 0xfc, 0x0, 0x2, 0xfc,
    0x0, 0x1, 0xfe, 0x0, 0x0, 0xff, 0x0, 0x0,
    0xbf, 0x0, 0x0, 0x3f, 0x80, 0x0, 0x3f, 0xc0,
    0x0, 0x2f, 0xd0, 0x0, 0xf, 0xe0, 0x0, 0xf,
    0xf0, 0x0, 0x7, 0xf4, 0x0, 0x3, 0xf8, 0x0,
    0x2, 0xff, 0xff, 0xfe, 0xff, 0xff, 0xff, 0xbf,
    0xff, 0xff, 0xe0,

    /* U+005B "[" */
    0xbf, 0xfb, 0xff, 0xbc, 0xb, 0xc0, 0xbc, 0xb,
    0xc0, 0xbc, 0xb, 0xc0, 0xbc, 0xb, 0xc0, 0xbc,
    0xb, 0xc0, 0xbc, 0xb, 0xc0, 0xbc, 0xb, 0xc0,
    0xbc, 0xb, 0xc0, 0xbc, 0xb, 0xc0, 0xbc, 0xb,
    0xc0, 0xbf, 0xfb, 0xff,

    /* U+005C "\\" */
    0x3c, 0x0, 0xf, 0x40, 0x2, 0xe0, 0x0, 0x7c,
    0x0, 0xf, 0x0, 0x3, 0xd0, 0x0, 0xb8, 0x0,
    0x1f, 0x0, 0x3, 0xc0, 0x0, 0xf4, 0x0, 0x2e,
    0x0, 0x7, 0xc0, 0x0, 0xf0, 0x0, 0x3d, 0x0,
    0xb, 0x80, 0x1, 0xf0, 0x0, 0x3c, 0x0, 0xf,
    0x40, 0x2, 0xe0, 0x0, 0x7c, 0x0, 0xf, 0x0,
    0x3, 0xd0, 0x0, 0xb8, 0x0, 0x1f,

    /* U+005D "]" */
    0xff, 0xef, 0xfe, 0x3, 0xe0, 0x3e, 0x3, 0xe0,
    0x3e, 0x3, 0xe0, 0x3e, 0x3, 0xe0, 0x3e, 0x3,
    0xe0, 0x3e, 0x3, 0xe0, 0x3e, 0x3, 0xe0, 0x3e,
    0x3, 0xe0, 0x3e, 0x3, 0xe0, 0x3e, 0x3, 0xe0,
    0x3e, 0xff, 0xef, 0xfe,

    /* U+005E "^" */
    0x0, 0xbe, 0x0, 0x0, 0xff, 0x0, 0x1, 0xff,
    0x40, 0x2, 0xff, 0xc0, 0x3, 0xe7, 0xc0, 0x7,
    0xd3, 0xe0, 0xf, 0xc3, 0xf0, 0xf, 0x81, 0xf4,
    0x2f, 0x40, 0xf8, 0x3f, 0x0, 0xfc, 0x7e, 0x0,
    0x7e,

    /* U+005F "_" */
    0x0, 0x0, 0x0, 0xb, 0xff, 0xff, 0xfd, 0xbf,
    0xff, 0xff, 0xd0,

    /* U+0060 "`" */
    0x3f, 0xc0, 0x1f, 0xe0, 0x7, 0xf0, 0x1, 0xfc,
    0x0, 0x7d,

    /* U+0061 "a" */
    0x2, 0xff, 0x80, 0x2f, 0xff, 0xf0, 0x3f, 0xff,
    0xf8, 0x1d, 0x2, 0xfc, 0x0, 0x0, 0xfd, 0x0,
    0x1b, 0xfd, 0x7, 0xff, 0xfd, 0x2f, 0xf9, 0xfd,
    0x7f, 0x40, 0xfd, 0xbe, 0x0, 0xfd, 0xbf, 0x2,
    0xfd, 0x7f, 0xff, 0xfd, 0x3f, 0xff, 0xbd, 0xb,
    0xe4, 0x7d,

    /* U+0062 "b" */
    0x3f, 0x40, 0x0, 0x3, 0xf4, 0x0, 0x0, 0x3f,
    0x40, 0x0, 0x3, 0xf4, 0x0, 0x0, 0x3f, 0x40,
    0x0, 0x3, 0xf4, 0xbe, 0x40, 0x3f, 0xbf, 0xfe,
    0x3, 0xff, 0xff, 0xf4, 0x3f, 0xd0, 0x7f, 0xc3,
    0xf4, 0x2, 0xfc, 0x3f, 0x40, 0x1f, 0xc3, 0xf4,
    0x1, 0xfd, 0x3f, 0x40, 0x1f, 0xc3, 0xf4, 0x1,
    0xfc, 0x3f, 0x40, 0x3f, 0xc3, 0xfd, 0xb, 0xf8,
    0x3f, 0xff, 0xff, 0x3, 0xfb, 0xff, 0xc0, 0x3e,
    0x1b, 0xe0, 0x0,

    /* U+0063 "c" */
    0x0, 0xaf, 0x90, 0x1f, 0xff, 0xe1, 0xff, 0xff,
    0xf, 0xf4, 0x14, 0xbf, 0x40, 0x3, 0xfc, 0x0,
    0xf, 0xe0, 0x0, 0x3f, 0x80, 0x0, 0xbf, 0x0,
    0x2, 0xfd, 0x0, 0x3, 0xfd, 0x6, 0x7, 0xff,
    0xfd, 0xb, 0xff, 0xf8, 0x2, 0xfe, 0x40,

    /* U+0064 "d" */
    0x0, 0x0, 0x3f, 0x80, 0x0, 0xf, 0xe0, 0x0,
    0x3, 0xf8, 0x0, 0x0, 0xfe, 0x0, 0x0, 0x3f,
    0x80, 0x6f, 0x8f, 0xe0, 0xbf, 0xff, 0xf8, 0x7f,
    0xff, 0xfe, 0x3f, 0xd0, 0xbf, 0x9f, 0xd0, 0xf,
    0xeb, 0xf0, 0x3, 0xfb, 0xfc, 0x0, 0xfe, 0xff,
    0x0, 0x3f, 0xaf, 0xc0, 0xf, 0xeb, 0xf0, 0x3,
    0xf8, 0xff, 0x3, 0xfe, 0x2f, 0xff, 0xff, 0x83,
    0xff, 0xff, 0xe0, 0x2f, 0xe1, 0xf8,

    /* U+0065 "e" */
    0x0, 0xbf, 0x80, 0x7, 0xff, 0xf0, 0x1f, 0xff,
    0xfc, 0x3f, 0x80, 0xfd, 0xbf, 0x0, 0x7e, 0xfe,
    0x55, 0x7f, 0xff, 0xff, 0xff, 0xff, 0xff, 0xff,
    0xfe, 0x0, 0x0, 0xbf, 0x0, 0x0, 0x3f, 0xc0,
    0x14, 0x1f, 0xff, 0xfc, 0x7, 0xff, 0xfc, 0x0,
    0xbf, 0x90,

    /* U+0066 "f" */
    0x0, 0x7f, 0xd0, 0x2f, 0xfd, 0x3, 0xff, 0xc0,
    0x7f, 0x40, 0x7, 0xf0, 0x7, 0xff, 0xf8, 0x7f,
    0xff, 0x87, 0xff, 0xf4, 0x7, 0xf0, 0x0, 0x7f,
    0x0, 0x7, 0xf0, 0x0, 0x7f, 0x0, 0x7, 0xf0,
    0x0, 0x7f, 0x0, 0x7, 0xf0, 0x0, 0x7f, 0x0,
    0x7, 0xf0, 0x0, 0x7f, 0x0, 0x7, 0xf0, 0x0,

    /* U+0067 "g" */
    0x2, 0xff, 0xff, 0x83, 0xff, 0xff, 0xe3, 0xfe,
    0xbf, 0xe5, 0xfc, 0x7, 0xf0, 0xbf, 0x0, 0xfc,
    0x1f, 0xc0, 0x7f, 0x3, 0xf9, 0x7f, 0x80, 0x3f,
    0xff, 0xc0, 0x1f, 0xff, 0x40, 0xf, 0x80, 0x0,
    0x3, 0xe0, 0x0, 0x0, 0xff, 0xfe, 0x90, 0x2f,
    0xff, 0xff, 0xb, 0xff, 0xff, 0xeb, 0xc0, 0x2,
    0xff, 0xf0, 0x0, 0xbe, 0xff, 0x55, 0xff, 0xf,
    0xff, 0xff, 0x0, 0xbf, 0xf9, 0x0,

    /* U+0068 "h" */
    0x3f, 0x40, 0x0, 0xf, 0xd0, 0x0, 0x3, 0xf4,
    0x0, 0x0, 0xfd, 0x0, 0x0, 0x3f, 0x40, 0x0,
    0xf, 0xd2, 0xfd, 0x3, 0xf7, 0xff, 0xe0, 0xff,
    0xff, 0xfc, 0x3f, 0xe4, 0xbf, 0x4f, 0xe0, 0xf,
    0xe3, 0xf4, 0x3, 0xf8, 0xfd, 0x0, 0xfe, 0x3f,
    0x40, 0x3f, 0x8f, 0xd0, 0xf, 0xe3, 0xf4, 0x3,
    0xf8, 0xfd, 0x0, 0xfe, 0x3f, 0x40, 0x3f, 0x8f,
    0xd0, 0xf, 0xe3, 0xf4, 0x3, 0xf8,

    /* U+0069 "i" */
    0x2f, 0x1f, 0xe7, 0xf8, 0xb8, 0x0, 0xf, 0xd3,
    0xf4, 0xfd, 0x3f, 0x4f, 0xd3, 0xf4, 0xfd, 0x3f,
    0x4f, 0xd3, 0xf4, 0xfd, 0x3f, 0x4f, 0xd3, 0xf4,

    /* U+006A "j" */
    0x0, 0xbc, 0x1, 0xfe, 0x1, 0xfe, 0x0, 0xb8,
    0x0, 0x0, 0x0, 0xfd, 0x0, 0xfd, 0x0, 0xfd,
    0x0, 0xfd, 0x0, 0xfd, 0x0, 0xfd, 0x0, 0xfd,
    0x0, 0xfd, 0x0, 0xfd, 0x0, 0xfd, 0x0, 0xfd,
    0x0, 0xfd, 0x0, 0xfd, 0x0, 0xfd, 0x0, 0xfd,
    0x1, 0xfd, 0x3f, 0xfc, 0x3f, 0xf4, 0x3f, 0x90,

    /* U+006B "k" */
    0x3f, 0x40, 0x0, 0x3, 0xf4, 0x0, 0x0, 0x3f,
    0x40, 0x0, 0x3, 0xf4, 0x0, 0x0, 0x3f, 0x40,
    0x0, 0x3, 0xf4, 0x7, 0xf8, 0x3f, 0x40, 0xfe,
    0x3, 0xf4, 0x3f, 0xc0, 0x3f, 0x4b, 0xf0, 0x3,
    0xf5, 0xfd, 0x0, 0x3f, 0xbf, 0x80, 0x3, 0xff,
    0xf8, 0x0, 0x3f, 0xff, 0xd0, 0x3, 0xff, 0xbf,
    0x0, 0x3f, 0xc3, 0xf8, 0x3, 0xf4, 0x1f, 0xc0,
    0x3f, 0x40, 0xff, 0x3, 0xf4, 0x7, 0xf4, 0x3f,
    0x40, 0x3f, 0xc0,

    /* U+006C "l" */
    0x3f, 0x40, 0xfd, 0x3, 0xf4, 0xf, 0xd0, 0x3f,
    0x40, 0xfd, 0x3, 0xf4, 0xf, 0xd0, 0x3f, 0x40,
    0xfd, 0x3, 0xf4, 0xf, 0xd0, 0x3f, 0x40, 0xfd,
    0x3, 0xf4, 0xf, 0xe0, 0x3f, 0xe0, 0xbf, 0xc0,
    0xbf, 0x0,

    /* U+006D "m" */
    0x3f, 0xb, 0xf4, 0xb, 0xe4, 0xf, 0xdf, 0xff,
    0x4f, 0xff, 0x43, 0xff, 0xff, 0xff, 0xff, 0xf0,
    0xff, 0x83, 0xff, 0x83, 0xfc, 0x3f, 0x80, 0x7f,
    0x80, 0x7f, 0xf, 0xd0, 0xf, 0xd0, 0xf, 0xd3,
    0xf4, 0x3, 0xf4, 0x3, 0xf4, 0xfd, 0x0, 0xfd,
    0x0, 0xfd, 0x3f, 0x40, 0x3f, 0x40, 0x3f, 0x4f,
    0xd0, 0xf, 0xd0, 0xf, 0xd3, 0xf4, 0x3, 0xf4,
    0x3, 0xf4, 0xfd, 0x0, 0xfd, 0x0, 0xfd, 0x3f,
    0x40, 0x3f, 0x40, 0x3f, 0x4f, 0xd0, 0xf, 0xd0,
    0xf, 0xd0,

    /* U+006E "n" */
    0x3f, 0xb, 0xf4, 0xf, 0xdf, 0xff, 0x83, 0xff,
    0xff, 0xf0, 0xff, 0x92, 0xfd, 0x3f, 0x80, 0x3f,
    0x8f, 0xd0, 0xf, 0xe3, 0xf4, 0x3, 0xf8, 0xfd,
    0x0, 0xfe, 0x3f, 0x40, 0x3f, 0x8f, 0xd0, 0xf,
    0xe3, 0xf4, 0x3, 0xf8, 0xfd, 0x0, 0xfe, 0x3f,
    0x40, 0x3f, 0x8f, 0xd0, 0xf, 0xe0,

    /* U+006F "o" */
    0x0, 0xbf, 0x80, 0x1, 0xff, 0xfd, 0x1, 0xff,
    0xff, 0xd0, 0xff, 0x3, 0xfc, 0xbf, 0x0, 0x3f,
    0xbf, 0xc0, 0xf, 0xff, 0xe0, 0x2, 0xff, 0xf8,
    0x0, 0xbf, 0xff, 0x0, 0x3f, 0xef, 0xc0, 0xf,
    0xe3, 0xfc, 0xf, 0xf0, 0x7f, 0xff, 0xf4, 0x7,
    0xff, 0xf4, 0x0, 0x2f, 0xe0, 0x0,

    /* U+0070 "p" */
    0x3f, 0x1b, 0xe4, 0x3, 0xfb, 0xff, 0xe0, 0x3f,
    0xff, 0xff, 0x43, 0xfd, 0x7, 0xf8, 0x3f, 0x40,
    0x2f, 0xc3, 0xf4, 0x1, 0xfc, 0x3f, 0x40, 0x1f,
    0xd3, 0xf4, 0x1, 0xfc, 0x3f, 0x40, 0x1f, 0xc3,
    0xf4, 0x3, 0xfc, 0x3f, 0xd0, 0xbf, 0x83, 0xff,
    0xff, 0xf0, 0x3f, 0xff, 0xfc, 0x3, 0xf5, 0xbe,
    0x0, 0x3f, 0x40, 0x0, 0x3, 0xf4, 0x0, 0x0,
    0x3f, 0x40, 0x0, 0x3, 0xf4, 0x0, 0x0, 0x3f,
    0x40, 0x0, 0x0,

    /* U+0071 "q" */
    0x1, 0xbe, 0x1f, 0x82, 0xff, 0xff, 0xe1, 0xff,
    0xff, 0xf8, 0xff, 0x42, 0xfe, 0x7f, 0x40, 0x3f,
    0xaf, 0xc0, 0xf, 0xef, 0xf0, 0x3, 0xfb, 0xfc,
    0x0, 0xfe, 0xbf, 0x0, 0x3f, 0xaf, 0xc0, 0xf,
    0xe3, 0xfc, 0xf, 0xf8, 0xbf, 0xff, 0xfe, 0xf,
    0xff, 0xff, 0x80, 0xbf, 0x4f, 0xe0, 0x0, 0x3,
    0xf8, 0x0, 0x0, 0xfe, 0x0, 0x0, 0x3f, 0x80,
    0x0, 0xf, 0xe0, 0x0, 0x3, 0xf8,

    /* U+0072 "r" */
    0x3f, 0xb, 0xd3, 0xf3, 0xfc, 0x3f, 0xff, 0xc3,
    0xff, 0x40, 0x3f, 0xc0, 0x3, 0xf8, 0x0, 0x3f,
    0x40, 0x3, 0xf4, 0x0, 0x3f, 0x40, 0x3, 0xf4,
    0x0, 0x3f, 0x40, 0x3, 0xf4, 0x0, 0x3f, 0x40,
    0x3, 0xf4, 0x0,

    /* U+0073 "s" */
    0x1, 0xbf, 0x80, 0xb, 0xff, 0xf8, 0xf, 0xfb,
    0xf4, 0x2f, 0xc0, 0x10, 0x2f, 0xc0, 0x0, 0xf,
    0xf4, 0x0, 0x7, 0xff, 0x80, 0x0, 0xbf, 0xf0,
    0x0, 0xb, 0xfc, 0x0, 0x1, 0xfc, 0x1c, 0x1,
    0xfc, 0x3f, 0xef, 0xf8, 0x2f, 0xff, 0xf0, 0x2,
    0xff, 0x40,

    /* U+0074 "t" */
    0x3, 0xf0, 0x0, 0x3f, 0x0, 0x7, 0xf0, 0x0,
    0x7f, 0x0, 0x7f, 0xff, 0xc7, 0xff, 0xfc, 0x7f,
    0xff, 0xc0, 0xbf, 0x0, 0xb, 0xf0, 0x0, 0xbf,
    0x0, 0xb, 0xf0, 0x0, 0xbf, 0x0, 0xb, 0xf0,
    0x0, 0xbf, 0x0, 0x7, 0xf4, 0x0, 0x3f, 0xfc,
    0x2, 0xff, 0xd0, 0x7, 0xfd,

    /* U+0075 "u" */
    0x3f, 0x0, 0x3f, 0x4f, 0xc0, 0xf, 0xd3, 0xf0,
    0x3, 0xf4, 0xfc, 0x0, 0xfd, 0x3f, 0x0, 0x3f,
    0x4f, 0xc0, 0xf, 0xd3, 0xf0, 0x3, 0xf4, 0xfc,
    0x0, 0xfd, 0x3f, 0x40, 0x3f, 0x4f, 0xd0, 0x1f,
    0xd3, 0xfc, 0x1f, 0xf4, 0xbf, 0xff, 0xfd, 0xf,
    0xff, 0x6f, 0x40, 0xbe, 0xb, 0xd0,

    /* U+0076 "v" */
    0x7f, 0x0, 0xf, 0xd3, 0xf4, 0x1, 0xfc, 0x3f,
    0x80, 0x2f, 0x82, 0xfc, 0x3, 0xf4, 0xf, 0xc0,
    0x3f, 0x0, 0xfd, 0x7, 0xe0, 0xb, 0xe0, 0xbd,
    0x0, 0x3f, 0xf, 0xc0, 0x3, 0xf0, 0xfc, 0x0,
    0x2f, 0x6f, 0x40, 0x0, 0xfb, 0xf0, 0x0, 0xf,
    0xff, 0x0, 0x0, 0xbf, 0xd0, 0x0, 0x3, 0xfc,
    0x0,

    /* U+0077 "w" */
    0x3f, 0x40, 0x3f, 0x0, 0x7f, 0xf, 0xd0, 0x1f,
    0xd0, 0x2f, 0x82, 0xf8, 0xb, 0xf8, 0xf, 0xd0,
    0x7f, 0x3, 0xff, 0x3, 0xf0, 0xf, 0xc0, 0xfb,
    0xc0, 0xfc, 0x3, 0xf4, 0x7d, 0xf4, 0x7e, 0x0,
    0xbe, 0x2f, 0x3e, 0x2f, 0x80, 0x1f, 0x8f, 0x8f,
    0xcf, 0xd0, 0x3, 0xf3, 0xd2, 0xf3, 0xf0, 0x0,
    0xfd, 0xf0, 0x7d, 0xfc, 0x0, 0x2f, 0xbc, 0xf,
    0xbe, 0x0, 0x7, 0xfe, 0x3, 0xff, 0x40, 0x0,
    0xff, 0x40, 0xff, 0xc0, 0x0, 0x3f, 0xd0, 0x2f,
    0xf0, 0x0,

    /* U+0078 "x" */
    0x3f, 0x80, 0x3f, 0x81, 0xfc, 0x7, 0xf0, 0xf,
    0xf0, 0xfd, 0x0, 0x7f, 0x5f, 0xc0, 0x2, 0xff,
    0xf4, 0x0, 0xf, 0xff, 0x0, 0x0, 0xbf, 0xd0,
    0x0, 0xf, 0xfc, 0x0, 0x1, 0xff, 0xe0, 0x0,
    0x3f, 0x7f, 0x40, 0xb, 0xe2, 0xfc, 0x0, 0xfc,
    0xf, 0xe0, 0x2f, 0xc0, 0xbf, 0x7, 0xf4, 0x3,
    0xfc,

    /* U+0079 "y" */
    0x7f, 0x0, 0xf, 0xd3, 0xf4, 0x1, 0xfc, 0x2f,
    0x80, 0x2f, 0x81, 0xfc, 0x3, 0xf4, 0xf, 0xd0,
    0x3f, 0x0, 0x7f, 0xb, 0xe0, 0x3, 0xf0, 0xfc,
    0x0, 0x2f, 0x4f, 0xc0, 0x1, 0xf9, 0xf8, 0x0,
    0xf, 0xef, 0x0, 0x0, 0xbf, 0xf0, 0x0, 0x3,
    0xfe, 0x0, 0x0, 0x2f, 0xc0, 0x0, 0x2, 0xfc,
    0x0, 0x0, 0x3f, 0x40, 0x0, 0xb, 0xf0, 0x0,
    0xf, 0xfd, 0x0, 0x1, 0xff, 0x80, 0x0, 0x2f,
    0xd0, 0x0, 0x0,

    /* U+007A "z" */
    0x1f, 0xff, 0xfd, 0x1f, 0xff, 0xfd, 0x1f, 0xff,
    0xfc, 0x0, 0x7, 0xf4, 0x0, 0xf, 0xe0, 0x0,
    0x2f, 0xc0, 0x0, 0x7f, 0x40, 0x0, 0xff, 0x0,
    0x2, 0xfc, 0x0, 0x7, 0xf4, 0x0, 0xf, 0xf0,
    0x0, 0x2f, 0xff, 0xfe, 0x3f, 0xff, 0xfe, 0x3f,
    0xff, 0xfe,

    /* U+007B "{" */
    0x0, 0xbf, 0x2, 0xff, 0x3, 0xf0, 0x3, 0xf0,
    0x3, 0xf0, 0x3, 0xf0, 0x3, 0xf0, 0x3, 0xf0,
    0x3, 0xf0, 0x3, 0xf0, 0x1b, 0xe0, 0x3f, 0x80,
    0x3f, 0xc0, 0xb, 0xe0, 0x3, 0xf0, 0x3, 0xf0,
    0x3, 0xf0, 0x3, 0xf0, 0x3, 0xf0, 0x3, 0xf0,
    0x3, 0xf0, 0x3, 0xf0, 0x2, 0xff, 0x0, 0x7f,

    /* U+007C "|" */
    0x66, 0xeb, 0xae, 0xba, 0xeb, 0xae, 0xba, 0xeb,
    0xae, 0xba, 0xeb, 0xae, 0xba, 0xeb, 0xae, 0xba,
    0xeb, 0xae, 0xba, 0xeb, 0xae,

    /* U+007D "}" */
    0xfe, 0x0, 0xff, 0x80, 0xf, 0xc0, 0xf, 0xc0,
    0xb, 0xc0, 0xf, 0xc0, 0xf, 0xc0, 0xf, 0xc0,
    0xf, 0xc0, 0xf, 0xc0, 0xb, 0xe4, 0x2, 0xfc,
    0x3, 0xfc, 0xb, 0xe0, 0xf, 0xc0, 0xf, 0xc0,
    0xf, 0xc0, 0xf, 0xc0, 0xf, 0xc0, 0xb, 0xc0,
    0xf, 0xc0, 0xf, 0xc0, 0xff, 0x80, 0xfe, 0x0,

    /* U+007E "~" */
    0x0, 0x50, 0x0, 0x0, 0xbf, 0xd0, 0x34, 0x2f,
    0xff, 0xef, 0xc2, 0xe0, 0xff, 0xf4, 0x4, 0x1,
    0xfd, 0x0,

    /* U+00B7 "·" */
    0x0, 0x0, 0xf, 0xf0, 0x2f, 0xf8, 0x3f, 0xfc,
    0x3f, 0xfc, 0x2f, 0xf8, 0xb, 0xe0,

    /* U+2026 "…" */
    0x3c, 0x0, 0x3c, 0x0, 0x3c, 0xff, 0x0, 0xff,
    0x0, 0xff, 0xff, 0x0, 0xff, 0x0, 0xff, 0x7d,
    0x0, 0x7d, 0x0, 0x7d,

    /* U+221A "√" */
    0x0, 0x0, 0x0, 0x0, 0x0, 0x0, 0x0, 0x0,
    0x0, 0x3f, 0xff, 0xff, 0x0, 0x0, 0x0, 0x70,
    0x0, 0x0, 0x0, 0x0, 0x0, 0xa0, 0x0, 0x0,
    0x0, 0x0, 0x0, 0xc0, 0x0, 0x0, 0x0, 0x0,
    0x1, 0xc0, 0x0, 0x0, 0x0, 0x0, 0x2, 0x80,
    0x0, 0x0, 0x0, 0x0, 0x3, 0x0, 0x0, 0x0,
    0x0, 0x0, 0x7, 0x0, 0x0, 0x0, 0x0, 0x0,
    0xd, 0x0, 0x0, 0x0, 0x0, 0x0, 0xc, 0x0,
    0x0, 0x0, 0x0, 0x0, 0x1c, 0x0, 0x0, 0x0,
    0x0, 0x0, 0x34, 0x0, 0x0, 0x0, 0x0, 0x0,
    0x30, 0x0, 0x0, 0x0, 0x0, 0x0, 0xa0, 0x0,
    0x0, 0x0, 0x2, 0x80, 0xd0, 0x0, 0x0, 0x0,
    0x7, 0xc0, 0xc0, 0x0, 0x0, 0x0, 0xf, 0xd2,
    0x80, 0x0, 0x0, 0x0, 0x32, 0xf3, 0x40, 0x0,
    0x0, 0x0, 0x10, 0xf7, 0x0, 0x0, 0x0, 0x0,
    0x0, 0xfe, 0x0, 0x0, 0x0, 0x0, 0x0, 0x7c,
    0x0, 0x0, 0x0, 0x0, 0x0, 0x3c, 0x0, 0x0,
    0x0, 0x0, 0x0, 0x28, 0x0, 0x0, 0x0, 0x0,

    /* U+2265 "≥" */
    0x0, 0x0, 0x0, 0x0, 0x0, 0x2e, 0x0, 0x0,
    0x0, 0x0, 0x3f, 0xe4, 0x0, 0x0, 0x0, 0x1b,
    0xff, 0x80, 0x0, 0x0, 0x0, 0x7f, 0xf9, 0x0,
    0x0, 0x0, 0x6, 0xff, 0xe0, 0x0, 0x0, 0x0,
    0x2f, 0xfe, 0x40, 0x0, 0x0, 0x1, 0xbf, 0xf4,
    0x0, 0x0, 0x1, 0xbf, 0xf8, 0x0, 0x0, 0x1f,
    0xfe, 0x40, 0x0, 0x6, 0xff, 0xe0, 0x0, 0x0,
    0x7f, 0xf9, 0x0, 0x4, 0x1b, 0xff, 0x80, 0x0,
    0xbc, 0x3f, 0xf4, 0x0, 0x1b, 0xfd, 0x2e, 0x0,
    0x2, 0xff, 0xd0, 0x0, 0x0, 0x6f, 0xf9, 0x0,
    0x0, 0x7, 0xff, 0x40, 0x0, 0x1, 0xbf, 0xe4,
    0x0, 0x0, 0x1f, 0xfe, 0x0, 0x0, 0x0, 0x2f,
    0x90, 0x0, 0x0, 0x0, 0x18, 0x0, 0x0, 0x0,
    0x0,

    /* U+4E00 "一" */
    0x3f, 0xff, 0xff, 0xff, 0xff, 0xfc, 0x3f, 0xff,
    0xff, 0xff, 0xff, 0xfc, 0x3f, 0xff, 0xff, 0xff,
    0xff, 0xfc, 0x0, 0x0, 0x0, 0x0, 0x0, 0x0,

    /* U+4E0A "上" */
    0x0, 0x0, 0x0, 0x0, 0x0, 0x0, 0x0, 0x7,
    0xf0, 0x0, 0x0, 0x0, 0x0, 0x7f, 0x0, 0x0,
    0x0, 0x0, 0x7, 0xf0, 0x0, 0x0, 0x0, 0x0,
    0x7f, 0x0, 0x0, 0x0, 0x0, 0x7, 0xf0, 0x0,
    0x0, 0x0, 0x0, 0x7f, 0x0, 0x0, 0x0, 0x0,
    0x7, 0xf0, 0x0, 0x0, 0x0, 0x0, 0x7f, 0xff,
    0xff, 0x40, 0x0, 0x7, 0xff, 0xff, 0xf4, 0x0,
    0x0, 0x7f, 0xff, 0xff, 0x0, 0x0, 0x7, 0xf0,
    0x0, 0x0, 0x0, 0x0, 0x7f, 0x0, 0x0, 0x0,
    0x0, 0x7, 0xf0, 0x0, 0x0, 0x0, 0x0, 0x7f,
    0x0, 0x0, 0x0, 0x0, 0x7, 0xf0, 0x0, 0x0,
    0x0, 0x0, 0x7f, 0x0, 0x0, 0x0, 0x0, 0x7,
    0xf0, 0x0, 0x0, 0x0, 0x0, 0x7f, 0x0, 0x0,
    0xf, 0xff, 0xff, 0xff, 0xff, 0xff, 0xff, 0xff,
    0xff, 0xff, 0xff, 0xff, 0xff, 0xff, 0xff, 0xff,
    0xff,

    /* U+4E0B "下" */
    0xbf, 0xff, 0xff, 0xff, 0xff, 0xfb, 0xff, 0xff,
    0xff, 0xff, 0xff, 0xbf, 0xff, 0xff, 0xff, 0xff,
    0xf0, 0x0, 0x3, 0xf4, 0x0, 0x0, 0x0, 0x0,
    0x3f, 0x0, 0x0, 0x0, 0x0, 0x3, 0xf0, 0x0,
    0x0, 0x0, 0x0, 0x3f, 0x90, 0x0, 0x0, 0x0,
    0x3, 0xff, 0x80, 0x0, 0x0, 0x0, 0x3f, 0xff,
    0x80, 0x0, 0x0, 0x3, 0xfb, 0xff, 0x40, 0x0,
    0x0, 0x3f, 0xf, 0xff, 0x0, 0x0, 0x3, 0xf0,
    0x1f, 0xf8, 0x0, 0x0, 0x3f, 0x0, 0x3f, 0x0,
    0x0, 0x3, 0xf0, 0x0, 0x80, 0x0, 0x0, 0x3f,
    0x0, 0x0, 0x0, 0x0, 0x3, 0xf0, 0x0, 0x0,
    0x0, 0x0, 0x3f, 0x0, 0x0, 0x0, 0x0, 0x3,
    0xf0, 0x0, 0x0, 0x0, 0x0, 0x3f, 0x0, 0x0,
    0x0, 0x0, 0x3, 0xf0, 0x0, 0x0, 0x0, 0x0,
    0x3f, 0x0, 0x0, 0x0,

    /* U+4E0D "不" */
    0x3f, 0xff, 0xff, 0xff, 0xff, 0xe0, 0xff, 0xff,
    0xff, 0xff, 0xff, 0x83, 0xff, 0xff, 0xff, 0xff,
    0xfe, 0x0, 0x0, 0x3, 0xfc, 0x0, 0x0, 0x0,
    0x0, 0x2f, 0xd0, 0x0, 0x0, 0x0, 0x1, 0xff,
    0x0, 0x0, 0x0, 0x0, 0xf, 0xfc, 0x80, 0x0,
    0x0, 0x0, 0xff, 0xff, 0xd0, 0x0, 0x0, 0xf,
    0xff, 0xff, 0xe0, 0x0, 0x1, 0xff, 0xbf, 0x3f,
    0xf0, 0x0, 0x2f, 0xf5, 0xfc, 0x2f, 0xf0, 0x7,
    0xff, 0x7, 0xf0, 0x2f, 0xf4, 0xbf, 0xf0, 0x1f,
    0xc0, 0x1f, 0xf4, 0xfe, 0x0, 0x7f, 0x0, 0x1f,
    0xc1, 0xc0, 0x1, 0xfc, 0x0, 0x18, 0x0, 0x0,
    0x7, 0xf0, 0x0, 0x0, 0x0, 0x0, 0x1f, 0xc0,
    0x0, 0x0, 0x0, 0x0, 0x7f, 0x0, 0x0, 0x0,
    0x0, 0x1, 0xfc, 0x0, 0x0, 0x0, 0x0, 0x7,
    0xf0, 0x0, 0x0, 0x0, 0x0, 0x1f, 0xc0, 0x0,
    0x0,

    /* U+4E0E "与" */
    0x0, 0x0, 0x0, 0x0, 0x0, 0x0, 0x1f, 0x80,
    0x0, 0x0, 0x0, 0x7, 0xe0, 0x0, 0x0, 0x0,
    0x2, 0xfe, 0xaa, 0xaa, 0xa8, 0x0, 0xff, 0xff,
    0xff, 0xff, 0x0, 0x3f, 0xff, 0xff, 0xff, 0xc0,
    0xf, 0xc0, 0x0, 0x0, 0x0, 0x7, 0xe0, 0x0,
    0x0, 0x0, 0x2, 0xf4, 0x0, 0x0, 0x0, 0x0,
    0xfe, 0xaa, 0xaa, 0xaa, 0xa0, 0x3f, 0xff, 0xff,
    0xff, 0xfc, 0xf, 0xff, 0xff, 0xff, 0xfe, 0x0,
    0x0, 0x0, 0x0, 0x1f, 0x80, 0x0, 0x0, 0x0,
    0xb, 0xd0, 0x0, 0x0, 0x0, 0x2, 0xf7, 0xff,
    0xff, 0xff, 0xf0, 0xfc, 0xff, 0xff, 0xff, 0xfc,
    0x3f, 0x2a, 0xaa, 0xaa, 0xaa, 0xf, 0xc0, 0x0,
    0x0, 0x0, 0x7, 0xe0, 0x0, 0x0, 0x0, 0x3,
    0xf4, 0x0, 0x0, 0xf, 0xff, 0xfc, 0x0, 0x0,
    0x1, 0xff, 0xfd, 0x0, 0x0, 0x0, 0x3f, 0xf9,
    0x0, 0x0, 0x0, 0x0, 0x0, 0x0,

    /* U+4E2D "中" */
    0x0, 0x0, 0x68, 0x0, 0x0, 0x0, 0x0, 0xfc,
    0x0, 0x0, 0x0, 0x0, 0xfc, 0x0, 0x0, 0x0,
    0x0, 0xfc, 0x0, 0x0, 0x0, 0x0, 0xfd, 0x0,
    0x0, 0xff, 0xff, 0xff, 0xff, 0xff, 0xff, 0xff,
    0xff, 0xff, 0xff, 0xff, 0xff, 0xff, 0xff, 0xff,
    0xfc, 0x0, 0xfc, 0x0, 0x3f, 0xfc, 0x0, 0xfc,
    0x0, 0x3f, 0xfc, 0x0, 0xfc, 0x0, 0x3f, 0xfc,
    0x0, 0xfc, 0x0, 0x3f, 0xfc, 0x0, 0xfd, 0x0,
    0x3f, 0xff, 0xff, 0xff, 0xff, 0xff, 0xff, 0xff,
    0xff, 0xff, 0xff, 0xff, 0xff, 0xff, 0xff, 0xff,
    0xfc, 0x0, 0xfc, 0x0, 0x3f, 0x0, 0x0, 0xfc,
    0x0, 0x0, 0x0, 0x0, 0xfc, 0x0, 0x0, 0x0,
    0x0, 0xfc, 0x0, 0x0, 0x0, 0x0, 0xfc, 0x0,
    0x0, 0x0, 0x0, 0xfc, 0x0, 0x0, 0x0, 0x0,
    0xfc, 0x0, 0x0,

    /* U+4EC5 "仅" */
    0x0, 0x0, 0x0, 0x0, 0x0, 0x0, 0x0, 0xf,
    0x80, 0x0, 0x0, 0x0, 0x0, 0x1f, 0xc0, 0x0,
    0x0, 0x0, 0x0, 0x3f, 0x7f, 0xff, 0xff, 0xf0,
    0x0, 0x7f, 0x3f, 0xff, 0xff, 0xf0, 0x0, 0xfd,
    0x3f, 0xea, 0xab, 0xf0, 0x2, 0xfc, 0x1f, 0x40,
    0x3, 0xf0, 0x7, 0xfc, 0xf, 0x80, 0x7, 0xe0,
    0x1f, 0xfc, 0xf, 0xc0, 0xb, 0xd0, 0x7f, 0xfc,
    0xb, 0xd0, 0xf, 0xc0, 0x7f, 0xfc, 0x3, 0xe0,
    0x1f, 0x80, 0x2d, 0xfc, 0x3, 0xf0, 0x3f, 0x40,
    0x4, 0xfc, 0x1, 0xf8, 0x7f, 0x0, 0x0, 0xfc,
    0x0, 0xfc, 0xfd, 0x0, 0x0, 0xfc, 0x0, 0xbf,
    0xfc, 0x0, 0x0, 0xfc, 0x0, 0x3f, 0xf0, 0x0,
    0x0, 0xfc, 0x0, 0x1f, 0xe0, 0x0, 0x0, 0xfc,
    0x0, 0x7f, 0xf8, 0x0, 0x0, 0xfc, 0x2, 0xff,
    0xff, 0x0, 0x0, 0xfc, 0x1f, 0xf8, 0xbf, 0xe0,
    0x0, 0xfd, 0xff, 0xd0, 0x1f, 0xfd, 0x0, 0xfc,
    0xfe, 0x0, 0x2, 0xf8, 0x0, 0xfc, 0x70, 0x0,
    0x0, 0x20,

    /* U+4F20 "传" */
    0x0, 0x0, 0x0, 0x0, 0x0, 0x0, 0x0, 0x2f,
    0x40, 0x3f, 0x0, 0x0, 0x0, 0x3f, 0x0, 0x3e,
    0x0, 0x0, 0x0, 0xbe, 0xbf, 0xff, 0xff, 0xf0,
    0x0, 0xfc, 0xbf, 0xff, 0xff, 0xf0, 0x2, 0xf8,
    0x6a, 0xfe, 0xaa, 0xa0, 0x7, 0xf0, 0x0, 0xf8,
    0x0, 0x0, 0xf, 0xf2, 0xab, 0xfe, 0xaa, 0xa8,
    0x3f, 0xf3, 0xff, 0xff, 0xff, 0xfc, 0xbf, 0xf3,
    0xff, 0xff, 0xff, 0xfc, 0x3f, 0xf0, 0x7, 0xe0,
    0x0, 0x0, 0x3a, 0xf0, 0xb, 0xd0, 0x0, 0x0,
    0x2, 0xf0, 0xf, 0xea, 0xaa, 0x80, 0x2, 0xf0,
    0xf, 0xff, 0xff, 0xf0, 0x2, 0xf0, 0x2f, 0xff,
    0xff, 0xe0, 0x2, 0xf0, 0x0, 0x0, 0x3f, 0x80,
    0x2, 0xf0, 0x0, 0x40, 0xfe, 0x0, 0x2, 0xf0,
    0x1, 0xfb, 0xf8, 0x0, 0x2, 0xf0, 0x2, 0xff,
    0xe0, 0x0, 0x2, 0xf0, 0x0, 0x7f, 0xe0, 0x0,
    0x2, 0xf0, 0x0, 0xb, 0xfc, 0x0, 0x2, 0xf0,
    0x0, 0x1, 0xfc, 0x0, 0x2, 0xf0, 0x0, 0x0,
    0x70, 0x0, 0x0, 0x0, 0x0, 0x0, 0x0, 0x0,

    /* U+4F4D "位" */
    0x0, 0x0, 0x0, 0x1, 0x0, 0x0, 0x0, 0xe,
    0x40, 0x1f, 0x80, 0x0, 0x0, 0x1f, 0x80, 0xf,
    0xc0, 0x0, 0x0, 0x3f, 0x40, 0xf, 0xc0, 0x0,
    0x0, 0x7f, 0x0, 0xb, 0x80, 0x0, 0x0, 0xfd,
    0x3f, 0xff, 0xff, 0xf0, 0x2, 0xfc, 0x3f, 0xff,
    0xff, 0xf0, 0x3, 0xfc, 0x2a, 0xaa, 0xaa, 0xa0,
    0xf, 0xfc, 0x1, 0x40, 0x6, 0x40, 0x3f, 0xfc,
    0xb, 0xc0, 0xf, 0xc0, 0x3f, 0xfc, 0xb, 0xd0,
    0xf, 0xc0, 0xe, 0xfc, 0x7, 0xd0, 0xf, 0xc0,
    0x4, 0xfc, 0x3, 0xe0, 0x1f, 0x80, 0x0, 0xfc,
    0x3, 0xf0, 0x1f, 0x40, 0x0, 0xfc, 0x3, 0xf0,
    0x2f, 0x0, 0x0, 0xfc, 0x2, 0xf0, 0x3f, 0x0,
    0x0, 0xfc, 0x2, 0xf4, 0x3e, 0x0, 0x0, 0xfc,
    0x1, 0xf4, 0x3d, 0x0, 0x0, 0xfc, 0x0, 0x40,
    0x7c, 0x0, 0x0, 0xfc, 0xaa, 0xaa, 0xfe, 0xa8,
    0x0, 0xfc, 0xff, 0xff, 0xff, 0xfc, 0x0, 0xfc,
    0xff, 0xff, 0xff, 0xfc, 0x0, 0xfc, 0x0, 0x0,
    0x0, 0x0,

    /* U+4F4E "低" */
    0x0, 0x4, 0x0, 0x0, 0x0, 0x40, 0x0, 0x1f,
    0x40, 0x0, 0x6f, 0xe0, 0x0, 0x3f, 0x1, 0xbf,
    0xff, 0xf4, 0x0, 0x3f, 0x3f, 0xff, 0xfe, 0x40,
    0x0, 0xbd, 0x3f, 0xfe, 0xf8, 0x0, 0x0, 0xfc,
    0x3f, 0x0, 0xf8, 0x0, 0x2, 0xf8, 0x3e, 0x0,
    0xf8, 0x0, 0x7, 0xf8, 0x3e, 0x0, 0xf8, 0x0,
    0xf, 0xf8, 0x3e, 0x0, 0xfc, 0x0, 0x3f, 0xf8,
    0x3f, 0xaa, 0xfe, 0xa8, 0x3f, 0xf8, 0x3f, 0xff,
    0xff, 0xfc, 0x2e, 0xf8, 0x3f, 0xff, 0xff, 0xfc,
    0x8, 0xf8, 0x3e, 0x0, 0xbc, 0x0, 0x0, 0xf8,
    0x3e, 0x0, 0x7d, 0x0, 0x0, 0xf8, 0x3e, 0x0,
    0x7d, 0x0, 0x0, 0xf8, 0x3e, 0x0, 0x3e, 0x0,
    0x0, 0xf8, 0x3e, 0x0, 0x3f, 0x0, 0x0, 0xf8,
    0x3e, 0xb, 0x3f, 0x1c, 0x0, 0xf8, 0x3e, 0xf,
    0x9f, 0x6e, 0x0, 0xf8, 0x3f, 0xbb, 0xcf, 0xfd,
    0x0, 0xf8, 0xbf, 0xf7, 0xdb, 0xfc, 0x0, 0xf8,
    0xbf, 0xe2, 0xf3, 0xf8, 0x0, 0xf8, 0x38, 0x0,
    0x40, 0xa0, 0x0, 0x0, 0x0, 0x0, 0x0, 0x0,

    /* U+4F69 "佩" */
    0x0, 0x0, 0x0, 0x0, 0x0, 0x0, 0x0, 0xbc,
    0x0, 0x0, 0x0, 0x0, 0x0, 0xfd, 0xff, 0xff,
    0xff, 0xc0, 0x1, 0xf5, 0xff, 0xff, 0xff, 0xc0,
    0x3, 0xf1, 0xf4, 0x0, 0x7, 0xc0, 0x3, 0xe1,
    0xf1, 0x55, 0x43, 0xc0, 0xb, 0xd1, 0xf7, 0xff,
    0xf3, 0xc0, 0xf, 0xd1, 0xf7, 0xff, 0xf7, 0xc0,
    0x2f, 0xd1, 0xf0, 0x3d, 0x7, 0xc0, 0x7f, 0xd1,
    0xf0, 0x3d, 0x7, 0xc0, 0x7f, 0xd1, 0xf7, 0xff,
    0xf3, 0xc0, 0x3f, 0xd1, 0xf7, 0xbe, 0xf3, 0xc0,
    0x13, 0xd1, 0xf7, 0x6c, 0xb3, 0xc0, 0x3, 0xd1,
    0xf7, 0x6c, 0xb3, 0xc0, 0x3, 0xd2, 0xf7, 0x6c,
    0xb3, 0xc0, 0x3, 0xd2, 0xe7, 0x6c, 0xb3, 0xc0,
    0x3, 0xd3, 0xd7, 0x6c, 0xb3, 0xc0, 0x3, 0xd3,
    0xd7, 0x6c, 0xb3, 0xc4, 0x3, 0xd7, 0xc7, 0x6e,
    0xf3, 0xdd, 0x3, 0xdb, 0xc7, 0x6d, 0xd2, 0xdd,
    0x3, 0xdf, 0x80, 0x2c, 0x2, 0xfd, 0x3, 0xef,
    0x40, 0x2c, 0x0, 0xfc, 0x3, 0xd2, 0x0, 0x2c,
    0x0, 0x78, 0x0, 0x0, 0x0, 0x0, 0x0, 0x0,

    /* U+4FDD "保" */
    0x0, 0x4, 0x0, 0x0, 0x0, 0x0, 0x0, 0xf,
    0x95, 0x55, 0x55, 0x50, 0x0, 0x2f, 0x6f, 0xff,
    0xff, 0xf0, 0x0, 0x3f, 0x2f, 0xff, 0xff, 0xf0,
    0x0, 0xbd, 0x2f, 0x0, 0x3, 0xf0, 0x0, 0xfc,
    0x2f, 0x0, 0x3, 0xf0, 0x3, 0xf8, 0x2f, 0x0,
    0x3, 0xf0, 0xb, 0xf8, 0x2f, 0xaa, 0xab, 0xf0,
    0x1f, 0xf8, 0x2f, 0xff, 0xff, 0xf0, 0x3f, 0xf8,
    0x2f, 0xff, 0xff, 0xf0, 0x3f, 0xf8, 0x0, 0xf,
    0xc0, 0x0, 0x1c, 0xf8, 0x0, 0xf, 0xc0, 0x0,
    0x0, 0xf8, 0xff, 0xff, 0xff, 0xfc, 0x0, 0xf8,
    0xff, 0xff, 0xff, 0xfc, 0x0, 0xf8, 0xaa, 0xff,
    0xfe, 0xa8, 0x0, 0xf8, 0x0, 0xff, 0xfc, 0x0,
    0x0, 0xf8, 0x3, 0xff, 0xff, 0x0, 0x0, 0xf8,
    0xf, 0xef, 0xdf, 0xc0, 0x0, 0xf8, 0x3f, 0xcf,
    0xcb, 0xf0, 0x0, 0xfa, 0xff, 0xf, 0xc3, 0xfd,
    0x0, 0xf9, 0xfc, 0xf, 0xc0, 0xfd, 0x0, 0xf8,
    0xa0, 0xf, 0xc0, 0x34, 0x0, 0xf8, 0x0, 0xf,
    0xc0, 0x0,

    /* U+4FE1 "信" */
    0x0, 0x0, 0x0, 0x0, 0x0, 0x0, 0x0, 0x1e,
    0x0, 0x1f, 0x0, 0x0, 0x0, 0x3f, 0x0, 0x2f,
    0x40, 0x0, 0x0, 0x7e, 0x0, 0xf, 0xc0, 0x0,
    0x0, 0xfd, 0x55, 0x5f, 0x95, 0x54, 0x1, 0xf9,
    0xff, 0xff, 0xff, 0xfc, 0x3, 0xf9, 0xff, 0xff,
    0xff, 0xfc, 0xb, 0xf8, 0x0, 0x0, 0x0, 0x0,
    0x1f, 0xf8, 0x2f, 0xff, 0xff, 0xd0, 0x3f, 0xf8,
    0x2f, 0xff, 0xff, 0xd0, 0x3f, 0xf8, 0x0, 0x0,
    0x0, 0x0, 0x1c, 0xf8, 0x5, 0x55, 0x55, 0x40,
    0x4, 0xf8, 0x2f, 0xff, 0xff, 0xd0, 0x0, 0xf8,
    0x2f, 0xff, 0xff, 0xd0, 0x0, 0xf8, 0x0, 0x0,
    0x0, 0x0, 0x0, 0xf8, 0x3f, 0xff, 0xff, 0xe0,
    0x0, 0xf8, 0x3f, 0xff, 0xff, 0xe0, 0x0, 0xf8,
    0x3e, 0x55, 0x57, 0xe0, 0x0, 0xf8, 0x3d, 0x0,
    0x3, 0xe0, 0x0, 0xf8, 0x3d, 0x0, 0x3, 0xe0,
    0x0, 0xf8, 0x3f, 0xff, 0xff, 0xe0, 0x0, 0xf8,
    0x3f, 0xff, 0xff, 0xe0, 0x0, 0xf8, 0x3e, 0x55,
    0x57, 0xe0, 0x0, 0x0, 0x0, 0x0, 0x0, 0x0,

    /* U+504F "偏" */
    0x0, 0x0, 0x0, 0x1, 0x0, 0x0, 0x0, 0xbc,
    0x0, 0xbc, 0x0, 0x0, 0x3, 0xf0, 0x1, 0xf8,
    0x0, 0x0, 0x1f, 0xbf, 0xff, 0xff, 0xfc, 0x0,
    0xfc, 0xff, 0xff, 0xff, 0xf0, 0xb, 0xe3, 0xf5,
    0x55, 0x5f, 0xc0, 0x3f, 0xf, 0xc0, 0x0, 0x3f,
    0x3, 0xfc, 0x3f, 0x55, 0x55, 0xfc, 0x2f, 0xf0,
    0xff, 0xff, 0xff, 0xf2, 0xff, 0xc3, 0xff, 0xff,
    0xff, 0xc7, 0xff, 0xf, 0xc0, 0x0, 0x0, 0xe,
    0xbc, 0x3f, 0xff, 0xff, 0xfd, 0x2, 0xf0, 0xff,
    0xff, 0xff, 0xf4, 0xb, 0xc3, 0xff, 0x3c, 0xf3,
    0xd0, 0x2f, 0xf, 0xbc, 0xf3, 0xcf, 0x40, 0xbc,
    0x7e, 0xf3, 0xcf, 0x3d, 0x2, 0xf1, 0xf7, 0xff,
    0xff, 0xf4, 0xb, 0xcb, 0xdf, 0xff, 0xff, 0xd0,
    0x2f, 0x3e, 0x7c, 0xf3, 0xcf, 0x40, 0xbd, 0xf5,
    0xf3, 0xcf, 0x3d, 0x2, 0xfb, 0xc7, 0xcf, 0x3d,
    0xf0, 0xb, 0xdf, 0x1f, 0x3c, 0xff, 0xc0, 0x2f,
    0x4, 0x7c, 0x51, 0x6d, 0x0, 0x0, 0x0, 0x0,
    0x0, 0x0,

    /* U+505C "停" */
    0x0, 0x0, 0x0, 0x1, 0x0, 0x0, 0x0, 0xb8,
    0x0, 0x7d, 0x0, 0x0, 0x3, 0xf5, 0x56, 0xfd,
    0x55, 0x40, 0x1f, 0xbf, 0xff, 0xff, 0xff, 0x0,
    0xfc, 0xff, 0xff, 0xff, 0xf8, 0x7, 0xe0, 0x0,
    0x0, 0x0, 0x0, 0x3f, 0x2, 0xff, 0xff, 0xfc,
    0x2, 0xfc, 0xb, 0xff, 0xff, 0xf0, 0x1f, 0xf0,
    0x2f, 0x0, 0xb, 0xc0, 0xff, 0xc0, 0xbf, 0xff,
    0xff, 0x3, 0xff, 0x2, 0xff, 0xff, 0xfc, 0xb,
    0xfc, 0x0, 0x0, 0x0, 0x0, 0x2, 0xf2, 0xff,
    0xff, 0xff, 0xfc, 0xb, 0xcb, 0xff, 0xff, 0xff,
    0xf0, 0x2f, 0x2f, 0x0, 0x0, 0xb, 0xc0, 0xbc,
    0xbf, 0xff, 0xff, 0xff, 0x2, 0xf0, 0xf, 0xff,
    0xff, 0x80, 0xb, 0xc0, 0x15, 0x7f, 0x54, 0x0,
    0x2f, 0x0, 0x0, 0xf8, 0x0, 0x0, 0xbc, 0x0,
    0x3, 0xe0, 0x0, 0x2, 0xf0, 0x2, 0xaf, 0x80,
    0x0, 0xb, 0xc0, 0xf, 0xfd, 0x0, 0x0, 0x2f,
    0x0, 0x2f, 0x90, 0x0, 0x0,

    /* U+50A8 "储" */
    0x0, 0x40, 0x0, 0x1, 0x40, 0x0, 0x0, 0xf8,
    0x0, 0xb, 0xc0, 0xb4, 0x1, 0xf5, 0xc0, 0xb,
    0xc0, 0xfc, 0x2, 0xf3, 0xf0, 0xff, 0xfe, 0xf4,
    0x3, 0xe1, 0xfc, 0xff, 0xff, 0xf0, 0x7, 0xd0,
    0x7c, 0x5b, 0xdb, 0xd0, 0xf, 0xc0, 0x20, 0xb,
    0xcf, 0xc0, 0xf, 0xc0, 0x1, 0x5f, 0xff, 0x94,
    0x3f, 0xdf, 0xf7, 0xff, 0xff, 0xfc, 0x7f, 0xdf,
    0xf7, 0xff, 0xff, 0xfc, 0x7f, 0xdf, 0xf4, 0xb,
    0xf0, 0x0, 0x3b, 0xc0, 0xf4, 0x2f, 0xc0, 0x0,
    0x3, 0xc0, 0xf4, 0xff, 0xff, 0xf4, 0x3, 0xc0,
    0xfb, 0xff, 0xff, 0xf4, 0x3, 0xc0, 0xf5, 0xff,
    0x55, 0xf4, 0x3, 0xc0, 0xf4, 0x6f, 0x0, 0xf4,
    0x3, 0xc0, 0xf4, 0x2f, 0xff, 0xf4, 0x3, 0xc0,
    0xfa, 0x6f, 0xff, 0xf4, 0x3, 0xc0, 0xff, 0xaf,
    0x1, 0xf4, 0x3, 0xc2, 0xff, 0x6f, 0x1, 0xf4,
    0x3, 0xc3, 0xf8, 0x2f, 0xff, 0xf4, 0x3, 0xc1,
    0xd0, 0x2f, 0xff, 0xf4, 0x3, 0xc0, 0x0, 0x2f,
    0x1, 0xf4,

    /* U+5148 "先" */
    0x0, 0x0, 0xa, 0x40, 0x0, 0x0, 0x3, 0xf0,
    0x7e, 0x0, 0x0, 0x0, 0xf, 0xc1, 0xf8, 0x0,
    0x0, 0x0, 0x7f, 0x7, 0xe0, 0x0, 0x0, 0x2,
    0xff, 0xff, 0xff, 0xff, 0x0, 0xf, 0xff, 0xff,
    0xff, 0xfc, 0x0, 0xbf, 0xab, 0xfe, 0xaa, 0xa0,
    0x3, 0xf0, 0x7, 0xe0, 0x0, 0x0, 0x2f, 0x80,
    0x1f, 0x80, 0x0, 0x0, 0x8, 0x0, 0x7e, 0x0,
    0x0, 0x6, 0xaa, 0xab, 0xfe, 0xaa, 0xaa, 0x2f,
    0xff, 0xff, 0xff, 0xff, 0xfc, 0xbf, 0xff, 0xff,
    0xff, 0xff, 0xf0, 0x0, 0x3f, 0x1, 0xf8, 0x0,
    0x0, 0x0, 0xfc, 0x7, 0xe0, 0x0, 0x0, 0x7,
    0xf0, 0x1f, 0x80, 0x0, 0x0, 0x2f, 0x80, 0x7e,
    0x0, 0x0, 0x0, 0xfc, 0x1, 0xf8, 0xa, 0x0,
    0xf, 0xe0, 0x7, 0xe0, 0x2f, 0x0, 0xff, 0x0,
    0x1f, 0x80, 0xbc, 0x2f, 0xf4, 0x0, 0x3f, 0xab,
    0xf1, 0xff, 0x40, 0x0, 0xff, 0xff, 0x42, 0xe0,
    0x0, 0x0, 0xff, 0xf8, 0x0, 0x0, 0x0, 0x0,
    0x0, 0x0,

    /* U+5165 "入" */
    0x0, 0x0, 0x0, 0x0, 0x0, 0x0, 0x0, 0x1,
    0xc0, 0x0, 0x0, 0x0, 0x0, 0x3, 0xf4, 0x0,
    0x0, 0x0, 0x0, 0x3, 0xfd, 0x0, 0x0, 0x0,
    0x0, 0x0, 0xff, 0x0, 0x0, 0x0, 0x0, 0x0,
    0x3f, 0xc0, 0x0, 0x0, 0x0, 0x0, 0xf, 0xd0,
    0x0, 0x0, 0x0, 0x0, 0xf, 0xf0, 0x0, 0x0,
    0x0, 0x0, 0xf, 0xf8, 0x0, 0x0, 0x0, 0x0,
    0x2f, 0xfd, 0x0, 0x0, 0x0, 0x0, 0x3f, 0xff,
    0x0, 0x0, 0x0, 0x0, 0x3f, 0x7f, 0x40, 0x0,
    0x0, 0x0, 0xbf, 0x1f, 0xc0, 0x0, 0x0, 0x0,
    0xfd, 0xf, 0xe0, 0x0, 0x0, 0x2, 0xfc, 0x7,
    0xf4, 0x0, 0x0, 0x7, 0xf4, 0x3, 0xfc, 0x0,
    0x0, 0x1f, 0xf0, 0x0, 0xff, 0x0, 0x0, 0x3f,
    0xc0, 0x0, 0xbf, 0xc0, 0x1, 0xff, 0x40, 0x0,
    0x2f, 0xf0, 0xb, 0xfd, 0x0, 0x0, 0xf, 0xfc,
    0x3f, 0xf8, 0x0, 0x0, 0x3, 0xfc, 0xf, 0xd0,
    0x0, 0x0, 0x0, 0xb8, 0x2, 0x0, 0x0, 0x0,
    0x0, 0x10,

    /* U+5171 "共" */
    0x0, 0x0, 0x0, 0x0, 0x0, 0x0, 0x0, 0xbc,
    0x0, 0x3f, 0x0, 0x0, 0x2, 0xf0, 0x0, 0xfc,
    0x0, 0x0, 0xb, 0xc0, 0x3, 0xf0, 0x0, 0x0,
    0x2f, 0x0, 0xf, 0xc0, 0x0, 0xff, 0xff, 0xff,
    0xff, 0xff, 0x3, 0xff, 0xff, 0xff, 0xff, 0xfd,
    0xf, 0xff, 0xff, 0xff, 0xff, 0xf4, 0x0, 0x3f,
    0x40, 0xf, 0xc0, 0x0, 0x0, 0xbc, 0x0, 0x3f,
    0x0, 0x0, 0x2, 0xf0, 0x0, 0xfc, 0x0, 0x0,
    0xb, 0xc0, 0x3, 0xf0, 0x0, 0x0, 0x3f, 0x40,
    0x1f, 0xc0, 0x3, 0xff, 0xff, 0xff, 0xff, 0xff,
    0xcf, 0xff, 0xff, 0xff, 0xff, 0xff, 0x2a, 0xaa,
    0xaa, 0xaa, 0xaa, 0xa8, 0x0, 0x4, 0x0, 0x1,
    0x0, 0x0, 0x0, 0xbe, 0x0, 0xbe, 0x0, 0x0,
    0xb, 0xf8, 0x2, 0xff, 0x0, 0x0, 0xff, 0x80,
    0x1, 0xff, 0x40, 0x1f, 0xf8, 0x0, 0x0, 0xff,
    0x41, 0xff, 0x40, 0x0, 0x0, 0xff, 0x41, 0xe0,
    0x0, 0x0, 0x0, 0xf4, 0x0, 0x0, 0x0, 0x0,
    0x0, 0x0,

    /* U+51C6 "准" */
    0x0, 0x0, 0x0, 0x0, 0x0, 0x0, 0x0, 0x0,
    0xf, 0x82, 0xd0, 0x0, 0x2f, 0x0, 0x1f, 0x87,
    0xf0, 0x0, 0x3f, 0x80, 0x2f, 0x2, 0xf8, 0x0,
    0x1f, 0xc0, 0x3f, 0x1, 0xf4, 0x0, 0xb, 0xe0,
    0xbf, 0xff, 0xff, 0xfc, 0x3, 0xf0, 0xff, 0xff,
    0xff, 0xfc, 0x3, 0xf3, 0xfd, 0x3, 0xf4, 0x0,
    0x1, 0x4b, 0xfc, 0x2, 0xf0, 0x0, 0x0, 0x1f,
    0xfd, 0x57, 0xf9, 0x50, 0x0, 0x3f, 0xff, 0xff,
    0xff, 0xf4, 0x0, 0x1e, 0xbf, 0xff, 0xff, 0xf4,
    0x0, 0x44, 0xbc, 0x2, 0xf0, 0x0, 0x0, 0xf8,
    0xbc, 0x2, 0xf0, 0x0, 0x1, 0xf8, 0xbf, 0xff,
    0xff, 0xf4, 0x3, 0xf4, 0xbf, 0xff, 0xff, 0xf4,
    0x3, 0xf0, 0xbe, 0xab, 0xfa, 0xa0, 0xb, 0xe0,
    0xbc, 0x2, 0xf0, 0x0, 0xf, 0xd0, 0xbc, 0x2,
    0xf0, 0x0, 0x2f, 0xc0, 0xbf, 0xff, 0xff, 0xfc,
    0x3f, 0x40, 0xbf, 0xff, 0xff, 0xfc, 0x7, 0x0,
    0xbe, 0xaa, 0xaa, 0xa8, 0x0, 0x0, 0xbc, 0x0,
    0x0, 0x0,

    /* U+51FB "击" */
    0x0, 0x0, 0x5, 0x40, 0x0, 0x0, 0x0, 0x1,
    0xf8, 0x0, 0x0, 0x0, 0x0, 0x1f, 0x80, 0x0,
    0x0, 0x0, 0x1, 0xfc, 0x0, 0x0, 0xf, 0xff,
    0xff, 0xff, 0xff, 0x40, 0xff, 0xff, 0xff, 0xff,
    0xf4, 0xf, 0xff, 0xff, 0xff, 0xff, 0x40, 0x0,
    0x1, 0xf8, 0x0, 0x0, 0x0, 0x0, 0x1f, 0x80,
    0x0, 0x0, 0x0, 0x1, 0xfc, 0x0, 0x0, 0xbf,
    0xff, 0xff, 0xff, 0xff, 0xfb, 0xff, 0xff, 0xff,
    0xff, 0xff, 0x6a, 0xaa, 0xbf, 0xea, 0xaa, 0xa0,
    0x14, 0x1, 0xf8, 0x1, 0x50, 0xb, 0xd0, 0x1f,
    0x80, 0x3f, 0x0, 0xbd, 0x1, 0xf8, 0x3, 0xf0,
    0xb, 0xd0, 0x1f, 0x80, 0x3f, 0x0, 0xbd, 0x1,
    0xf8, 0x3, 0xf0, 0xb, 0xd0, 0x1f, 0x80, 0x3f,
    0x0, 0xbf, 0xff, 0xff, 0xff, 0xf0, 0xb, 0xff,
    0xff, 0xff, 0xff, 0x0, 0xbf, 0xff, 0xff, 0xff,
    0xf0, 0x0, 0x0, 0x0, 0x0, 0x3f, 0x0,

    /* U+5206 "分" */
    0x0, 0x0, 0x0, 0x0, 0x0, 0x0, 0x0, 0x3,
    0xf4, 0x7, 0xc0, 0x0, 0x0, 0x3, 0xf0, 0xb,
    0xf0, 0x0, 0x0, 0xb, 0xe0, 0x3, 0xf4, 0x0,
    0x0, 0x1f, 0xc0, 0x1, 0xfc, 0x0, 0x0, 0x3f,
    0x80, 0x0, 0xff, 0x0, 0x0, 0xbf, 0x0, 0x0,
    0x3f, 0x80, 0x2, 0xfd, 0x0, 0x0, 0x1f, 0xe0,
    0xb, 0xf8, 0x0, 0x0, 0xb, 0xf8, 0x2f, 0xff,
    0xff, 0xff, 0xff, 0xfd, 0xf, 0xff, 0xff, 0xff,
    0xff, 0xf4, 0x3, 0x3f, 0xff, 0xff, 0xff, 0x10,
    0x0, 0x0, 0x7e, 0x0, 0x3f, 0x0, 0x0, 0x0,
    0xbd, 0x0, 0x3f, 0x0, 0x0, 0x0, 0xfd, 0x0,
    0x7e, 0x0, 0x0, 0x0, 0xfc, 0x0, 0x7e, 0x0,
    0x0, 0x2, 0xf8, 0x0, 0x7e, 0x0, 0x0, 0x7,
    0xf0, 0x0, 0xbe, 0x0, 0x0, 0x1f, 0xe0, 0x0,
    0xbd, 0x0, 0x0, 0xbf, 0xc0, 0x0, 0xfd, 0x0,
    0xb, 0xff, 0x0, 0xff, 0xfc, 0x0, 0xf, 0xf8,
    0x0, 0xbf, 0xf8, 0x0, 0x3, 0xd0, 0x0, 0x7f,
    0xe0, 0x0, 0x0, 0x0, 0x0, 0x0, 0x0, 0x0,

    /* U+5217 "列" */
    0x0, 0x0, 0x0, 0x0, 0x0, 0x0, 0x55, 0x55,
    0x55, 0x0, 0x3, 0xf3, 0xff, 0xff, 0xfe, 0x0,
    0xf, 0xcf, 0xff, 0xff, 0xf8, 0xf8, 0x3f, 0x15,
    0xfe, 0x55, 0x53, 0xe0, 0xfc, 0x3, 0xf0, 0x0,
    0xf, 0x83, 0xf0, 0x1f, 0x80, 0x0, 0x3e, 0xf,
    0xc0, 0xbf, 0xff, 0xe0, 0xf8, 0x3f, 0x3, 0xff,
    0xff, 0xc3, 0xe0, 0xfc, 0x1f, 0xea, 0xbf, 0xf,
    0x83, 0xf0, 0xfc, 0x0, 0xf8, 0x3e, 0xf, 0xcb,
    0xf0, 0xb, 0xd0, 0xf8, 0x3f, 0x3f, 0x64, 0x3f,
    0x3, 0xe0, 0xfc, 0x79, 0xf9, 0xfc, 0xf, 0x83,
    0xf0, 0x4b, 0xff, 0xd0, 0x3e, 0xf, 0xc0, 0x7,
    0xff, 0x0, 0xf8, 0x3f, 0x0, 0x7, 0xf4, 0x3,
    0xe0, 0xfc, 0x0, 0x3f, 0xc0, 0x0, 0x3, 0xf0,
    0x3, 0xfc, 0x0, 0x0, 0xf, 0xc0, 0x7f, 0xd0,
    0x0, 0x0, 0x3f, 0xf, 0xfd, 0x0, 0x0, 0x7b,
    0xf8, 0x3f, 0xc0, 0x0, 0x0, 0xff, 0xd0, 0x74,
    0x0, 0x0, 0x3, 0xf9, 0x0, 0x0, 0x0, 0x0,
    0x0, 0x0,

    /* U+5230 "到" */
    0x0, 0x0, 0x0, 0x0, 0x0, 0x0, 0x0, 0x0,
    0x0, 0x0, 0x3e, 0x7f, 0xff, 0xff, 0xc0, 0x3,
    0xe7, 0xff, 0xff, 0xfc, 0xf8, 0x3e, 0x6b, 0xfe,
    0xba, 0x8f, 0x83, 0xe0, 0x3f, 0xf, 0x40, 0xf8,
    0x3e, 0x7, 0xd0, 0xfc, 0xf, 0x83, 0xe0, 0xfc,
    0x1b, 0xf0, 0xf8, 0x3e, 0x3f, 0xff, 0xff, 0x4f,
    0x83, 0xe2, 0xff, 0xff, 0xfc, 0xf8, 0x3e, 0xa,
    0x54, 0x6, 0xf, 0x83, 0xe0, 0x1, 0xf4, 0x0,
    0xf8, 0x3e, 0x0, 0x1f, 0x40, 0xf, 0x83, 0xe3,
    0xff, 0xff, 0xf8, 0xf8, 0x3e, 0x3f, 0xff, 0xff,
    0x8f, 0x83, 0xe2, 0xab, 0xfa, 0xa4, 0xf8, 0x3e,
    0x0, 0x1f, 0x40, 0xf, 0x83, 0xe0, 0x1, 0xf4,
    0x0, 0x64, 0x3e, 0x0, 0x1f, 0xaf, 0xc0, 0x3,
    0xe1, 0xaf, 0xff, 0xfc, 0x0, 0x3e, 0xbf, 0xff,
    0xfa, 0x42, 0xaf, 0xe7, 0xfe, 0x50, 0x0, 0x1f,
    0xfd, 0x10, 0x0, 0x0, 0x0, 0xfe, 0x40,

    /* U+52A8 "动" */
    0x0, 0x0, 0x0, 0x1f, 0x80, 0x2, 0xaa, 0xaa,
    0x1, 0xf8, 0x0, 0x3f, 0xff, 0xf4, 0x1f, 0x80,
    0x3, 0xff, 0xff, 0x41, 0xf8, 0x0, 0x0, 0x0,
    0x0, 0x1f, 0x80, 0x0, 0x0, 0x0, 0x3f, 0xff,
    0xff, 0x0, 0x0, 0x3, 0xff, 0xff, 0xef, 0xff,
    0xff, 0xab, 0xfa, 0xbe, 0xff, 0xff, 0xf8, 0x2f,
    0x43, 0xea, 0xbf, 0xaa, 0x42, 0xf0, 0x3e, 0x3,
    0xf0, 0x0, 0x2f, 0x3, 0xe0, 0x7d, 0x19, 0x3,
    0xf0, 0x3e, 0xb, 0xc3, 0xf0, 0x3f, 0x7, 0xe0,
    0xfc, 0x1f, 0x3, 0xe0, 0x7d, 0x1f, 0x40, 0xf8,
    0x7d, 0x7, 0xd2, 0xf6, 0xff, 0xcb, 0xd0, 0x7d,
    0x3f, 0xff, 0xfd, 0xfc, 0xb, 0xdb, 0xff, 0xe7,
    0xff, 0x80, 0xbc, 0x7f, 0x40, 0x17, 0xf0, 0xf,
    0xc1, 0x0, 0x0, 0xfe, 0x7b, 0xfc, 0x0, 0x0,
    0xf, 0xc3, 0xff, 0x40, 0x0, 0x0, 0x30, 0x3f,
    0xd0, 0x0, 0x0, 0x0, 0x0, 0x0, 0x0,

    /* U+52BF "势" */
    0x0, 0x14, 0x0, 0x15, 0x0, 0x0, 0x0, 0x7c,
    0x0, 0x2f, 0x0, 0x0, 0x5, 0xbd, 0x40, 0x3f,
    0x0, 0x0, 0x2f, 0xff, 0xfb, 0xff, 0xff, 0x40,
    0x2f, 0xff, 0xfb, 0xff, 0xff, 0x40, 0x0, 0xbd,
    0x0, 0x3e, 0x1f, 0x40, 0x0, 0xbe, 0xb3, 0xbe,
    0xf, 0x40, 0x3f, 0xff, 0xff, 0xfd, 0xf, 0x40,
    0x3f, 0xff, 0xe3, 0xff, 0xf, 0x50, 0x2a, 0xbc,
    0x2, 0xff, 0xdf, 0x7c, 0x0, 0xbc, 0xf, 0xfb,
    0xdf, 0xfc, 0xf, 0xfc, 0x1f, 0xc1, 0x87, 0xfc,
    0xb, 0xf4, 0xf, 0x0, 0x2, 0xe0, 0x0, 0x0,
    0x2f, 0x40, 0x0, 0x0, 0xf, 0xff, 0xff, 0xff,
    0xff, 0xc0, 0xf, 0xff, 0xff, 0xff, 0xff, 0xc0,
    0xa, 0xaa, 0xff, 0xaa, 0xaf, 0xc0, 0x0, 0x1,
    0xfc, 0x0, 0x1f, 0x80, 0x0, 0x7, 0xf8, 0x0,
    0x1f, 0x80, 0x0, 0x7f, 0xe0, 0x0, 0x2f, 0x40,
    0x1b, 0xff, 0x80, 0x6a, 0xbf, 0x0, 0x2f, 0xfd,
    0x0, 0x7f, 0xfe, 0x0, 0xf, 0x80, 0x0, 0x3f,
    0xf8, 0x0, 0x0, 0x0, 0x0, 0x0, 0x0, 0x0,

    /* U+5373 "即" */
    0x0, 0x0, 0x0, 0x0, 0x0, 0x3, 0xff, 0xff,
    0xc3, 0xff, 0xfc, 0x3f, 0xff, 0xfc, 0x3f, 0xff,
    0xc3, 0xf5, 0x5f, 0xc3, 0xfa, 0xfc, 0x3f, 0x0,
    0xfc, 0x3e, 0xb, 0xc3, 0xfa, 0xaf, 0xc3, 0xe0,
    0xbc, 0x3f, 0xff, 0xfc, 0x3e, 0xb, 0xc3, 0xff,
    0xff, 0xc3, 0xe0, 0xbc, 0x3f, 0x0, 0xfc, 0x3e,
    0xb, 0xc3, 0xf0, 0xf, 0xc3, 0xe0, 0xbc, 0x3f,
    0xff, 0xfc, 0x3e, 0xb, 0xc3, 0xff, 0xff, 0xc3,
    0xe0, 0xbc, 0x3f, 0xaa, 0xa8, 0x3e, 0xb, 0xc3,
    0xf0, 0x4, 0x3, 0xe0, 0xbc, 0x3f, 0xb, 0xd0,
    0x3e, 0xf, 0xc3, 0xf0, 0x7f, 0x3, 0xeb, 0xfc,
    0x3f, 0x7, 0xf4, 0x3e, 0xbf, 0xc3, 0xfb, 0xff,
    0xc3, 0xe3, 0xe0, 0xbf, 0xff, 0xfd, 0x3e, 0x0,
    0xb, 0xff, 0x4b, 0xe3, 0xe0, 0x0, 0x3d, 0x0,
    0x24, 0x3e, 0x0, 0x0, 0x0, 0x0, 0x3, 0xe0,
    0x0,

    /* U+5386 "历" */
    0x6, 0xaa, 0xaa, 0xaa, 0xaa, 0xa8, 0x2f, 0xff,
    0xff, 0xff, 0xff, 0xf0, 0xbf, 0xff, 0xff, 0xff,
    0xff, 0xc2, 0xf4, 0x0, 0x0, 0x0, 0x0, 0xb,
    0xc0, 0x0, 0x54, 0x0, 0x0, 0x2f, 0x0, 0x3,
    0xf0, 0x0, 0x0, 0xbc, 0x0, 0x1f, 0x80, 0x0,
    0x2, 0xf0, 0x0, 0x7e, 0x0, 0x0, 0xb, 0xcf,
    0xff, 0xff, 0xff, 0xf0, 0x2f, 0x3f, 0xff, 0xff,
    0xff, 0xc0, 0xfc, 0xaa, 0xbf, 0xea, 0xbf, 0x3,
    0xf0, 0x0, 0xbc, 0x0, 0xfc, 0xf, 0xc0, 0x3,
    0xf0, 0x3, 0xf0, 0x3f, 0x0, 0xf, 0xc0, 0xf,
    0x80, 0xfc, 0x0, 0xbd, 0x0, 0x3e, 0x3, 0xf0,
    0x3, 0xf0, 0x1, 0xf8, 0xf, 0x80, 0x2f, 0x80,
    0x7, 0xd0, 0x7e, 0x1, 0xfc, 0x0, 0x2f, 0x42,
    0xf4, 0x1f, 0xd0, 0x0, 0xfc, 0xf, 0xc2, 0xfe,
    0x3, 0xff, 0xf0, 0x7f, 0x2f, 0xe0, 0xb, 0xff,
    0x80, 0x74, 0x2d, 0x0, 0x1f, 0xf4, 0x0, 0x0,
    0x0, 0x0, 0x0, 0x0, 0x0,

    /* U+53C2 "参" */
    0x0, 0x0, 0x28, 0x0, 0x0, 0x0, 0x0, 0x0,
    0xbf, 0x7, 0x40, 0x0, 0x0, 0x3, 0xfc, 0xf,
    0xe0, 0x0, 0x0, 0x2f, 0xe0, 0x7, 0xfd, 0x0,
    0x2, 0xff, 0xff, 0xff, 0xff, 0x40, 0x1, 0xff,
    0xff, 0xff, 0xff, 0xd0, 0x0, 0xfa, 0xff, 0x55,
    0xb, 0xc0, 0x0, 0x0, 0xbe, 0x0, 0x2, 0x0,
    0x2a, 0xaa, 0xfe, 0xaa, 0xaa, 0xa8, 0x3f, 0xff,
    0xff, 0xff, 0xff, 0xfc, 0x3f, 0xff, 0xff, 0xff,
    0xff, 0xfc, 0x0, 0x2f, 0xd0, 0x3, 0xf4, 0x0,
    0x0, 0xbf, 0x47, 0xf5, 0xfe, 0x0, 0x3, 0xff,
    0xff, 0xf4, 0x7f, 0xd0, 0x2f, 0xfb, 0xfe, 0x4,
    0x1f, 0xfc, 0x2f, 0xd1, 0x40, 0xbf, 0x83, 0xf8,
    0xe, 0x0, 0x6f, 0xfe, 0x0, 0xb0, 0x0, 0xf,
    0xff, 0xd0, 0xb9, 0x0, 0x0, 0xb, 0xe4, 0x7,
    0xfe, 0x0, 0x0, 0x1, 0x1, 0xbf, 0xf4, 0x0,
    0x0, 0x5a, 0xff, 0xff, 0x40, 0x0, 0x0, 0xff,
    0xff, 0xe4, 0x0, 0x0, 0x0, 0x3f, 0xe4, 0x0,
    0x0, 0x0, 0x0, 0x10, 0x0, 0x0, 0x0, 0x0,

    /* U+53D6 "取" */
    0x1a, 0xaa, 0xaa, 0x0, 0x0, 0x0, 0x3f, 0xff,
    0xff, 0x0, 0x0, 0x0, 0x3f, 0xff, 0xff, 0xff,
    0xff, 0xf4, 0xb, 0xc0, 0xf8, 0xff, 0xff, 0xf8,
    0xb, 0xc0, 0xf8, 0xbf, 0xff, 0xf4, 0xb, 0xd5,
    0xf8, 0x3e, 0x1, 0xf4, 0xb, 0xff, 0xf8, 0x2f,
    0x2, 0xf0, 0xb, 0xff, 0xf8, 0x1f, 0x3, 0xf0,
    0xb, 0xc0, 0xf8, 0xf, 0x43, 0xe0, 0xb, 0xc0,
    0xf8, 0xf, 0x87, 0xd0, 0xb, 0xd5, 0xf8, 0xb,
    0xcb, 0xc0, 0xb, 0xff, 0xf8, 0x7, 0xdf, 0xc0,
    0xb, 0xff, 0xf8, 0x3, 0xff, 0x40, 0xb, 0xc0,
    0xf8, 0x2, 0xff, 0x0, 0xb, 0xc0, 0xf8, 0x0,
    0xfe, 0x0, 0xb, 0xd6, 0xff, 0x80, 0xfd, 0x0,
    0x2f, 0xff, 0xff, 0x83, 0xff, 0x0, 0x3f, 0xff,
    0xfd, 0xb, 0xff, 0xc0, 0x2f, 0x90, 0xf8, 0x2f,
    0xdf, 0xf0, 0x0, 0x0, 0xf8, 0xff, 0x43, 0xfc,
    0x0, 0x0, 0xf8, 0xfd, 0x0, 0xf8, 0x0, 0x0,
    0xf8, 0x30, 0x0, 0x20, 0x0, 0x0, 0x0, 0x0,
    0x0, 0x0,

    /* U+53F2 "史" */
    0x0, 0x0, 0x1, 0x50, 0x0, 0x0, 0x0, 0x0,
    0x0, 0xfc, 0x0, 0x0, 0x0, 0x0, 0x0, 0x3f,
    0x0, 0x0, 0x0, 0x0, 0x0, 0xf, 0xc0, 0x0,
    0x0, 0x3, 0xff, 0xff, 0xff, 0xff, 0xf0, 0x0,
    0xff, 0xff, 0xff, 0xff, 0xfc, 0x0, 0x3f, 0xff,
    0xff, 0xff, 0xff, 0x0, 0xf, 0x80, 0xf, 0xc0,
    0xf, 0xc0, 0x3, 0xe0, 0x3, 0xf0, 0x3, 0xf0,
    0x0, 0xf8, 0x0, 0xfc, 0x0, 0xfc, 0x0, 0x3f,
    0xff, 0xff, 0xff, 0xff, 0x0, 0xf, 0xff, 0xff,
    0xff, 0xff, 0xc0, 0x3, 0xff, 0xff, 0xff, 0xff,
    0xf0, 0x0, 0x5, 0x0, 0xfc, 0x0, 0x0, 0x0,
    0xf, 0xd0, 0x7e, 0x0, 0x0, 0x0, 0x1, 0xfc,
    0x2f, 0x40, 0x0, 0x0, 0x0, 0x3f, 0xdf, 0xc0,
    0x0, 0x0, 0x0, 0x3, 0xff, 0xe0, 0x0, 0x0,
    0x0, 0x0, 0x3f, 0xf4, 0x0, 0x0, 0x0, 0x0,
    0x7f, 0xff, 0xf9, 0x0, 0x0, 0x6, 0xff, 0xff,
    0xff, 0xff, 0xfe, 0xb, 0xff, 0xd0, 0x6f, 0xff,
    0xff, 0x40, 0xfe, 0x40, 0x0, 0x1a, 0xff, 0xc0,
    0x0, 0x0, 0x0, 0x0, 0x0, 0x0,

    /* U+53F7 "号" */
    0x2, 0xaa, 0xaa, 0xaa, 0xa4, 0x0, 0x3f, 0xff,
    0xff, 0xff, 0x80, 0x3, 0xff, 0xff, 0xff, 0xf8,
    0x0, 0x3f, 0x0, 0x0, 0x1f, 0x80, 0x3, 0xf0,
    0x0, 0x1, 0xf8, 0x0, 0x3f, 0xff, 0xff, 0xff,
    0x80, 0x3, 0xff, 0xff, 0xff, 0xf8, 0x0, 0x2a,
    0xaa, 0xaa, 0xaa, 0x40, 0x0, 0x0, 0x0, 0x0,
    0x0, 0xa, 0xaa, 0xaa, 0xaa, 0xaa, 0xa9, 0xff,
    0xff, 0xff, 0xff, 0xff, 0xdf, 0xff, 0xff, 0xff,
    0xff, 0xfd, 0x0, 0xbe, 0x0, 0x0, 0x0, 0x0,
    0xf, 0xea, 0xaa, 0xaa, 0x40, 0x1, 0xff, 0xff,
    0xff, 0xf8, 0x0, 0x2f, 0xff, 0xff, 0xff, 0x80,
    0x0, 0x0, 0x0, 0x3, 0xf4, 0x0, 0x0, 0x0,
    0x0, 0x3f, 0x0, 0x0, 0x0, 0x0, 0x7, 0xf0,
    0x0, 0x0, 0x2, 0xaa, 0xfe, 0x0, 0x0, 0x0,
    0x1f, 0xff, 0xc0, 0x0, 0x0, 0x0, 0xff, 0xe0,
    0x0, 0x0, 0x0, 0x0, 0x0, 0x0, 0x0,

    /* U+540C "同" */
    0x0, 0x0, 0x0, 0x0, 0x0, 0x3, 0xff, 0xff,
    0xff, 0xff, 0xfc, 0x3f, 0xff, 0xff, 0xff, 0xff,
    0xc3, 0xfa, 0xaa, 0xaa, 0xaa, 0xfc, 0x3e, 0x0,
    0x0, 0x0, 0xb, 0xc3, 0xe3, 0xff, 0xff, 0xfc,
    0xbc, 0x3e, 0x3f, 0xff, 0xff, 0xcb, 0xc3, 0xe1,
    0x55, 0x55, 0x54, 0xbc, 0x3e, 0x0, 0x0, 0x0,
    0xb, 0xc3, 0xe0, 0x55, 0x55, 0x50, 0xbc, 0x3e,
    0xf, 0xff, 0xff, 0xb, 0xc3, 0xe0, 0xff, 0xff,
    0xf0, 0xbc, 0x3e, 0xf, 0xc0, 0x2f, 0xb, 0xc3,
    0xe0, 0xfc, 0x2, 0xf0, 0xbc, 0x3e, 0xf, 0xc0,
    0x2f, 0xb, 0xc3, 0xe0, 0xff, 0xff, 0xf0, 0xbc,
    0x3e, 0xf, 0xff, 0xff, 0xb, 0xc3, 0xe0, 0xfd,
    0x55, 0x50, 0xbc, 0x3e, 0xf, 0xc0, 0x0, 0xb,
    0xc3, 0xe0, 0x10, 0x0, 0x2f, 0xfc, 0x3e, 0x0,
    0x0, 0x2, 0xff, 0xc3, 0xe0, 0x0, 0x0, 0x1f,
    0xe0, 0x0, 0x0, 0x0, 0x0, 0x0, 0x0,

    /* U+540E "后" */
    0x0, 0x0, 0x0, 0x0, 0x0, 0x0, 0x0, 0x0,
    0x0, 0x5b, 0xfc, 0x0, 0x16, 0xaf, 0xff, 0xff,
    0xfc, 0x0, 0xff, 0xff, 0xff, 0xfe, 0x40, 0x3,
    0xff, 0xfa, 0x54, 0x0, 0x0, 0xf, 0xc0, 0x0,
    0x0, 0x0, 0x0, 0x3f, 0x0, 0x0, 0x0, 0x0,
    0x0, 0xff, 0xff, 0xff, 0xff, 0xfe, 0x3, 0xff,
    0xff, 0xff, 0xff, 0xfc, 0xf, 0xff, 0xff, 0xff,
    0xff, 0xf0, 0x3f, 0x0, 0x0, 0x0, 0x0, 0x0,
    0xfc, 0x0, 0x0, 0x0, 0x0, 0x3, 0xf1, 0xaa,
    0xaa, 0xaa, 0x80, 0xf, 0xcb, 0xff, 0xff, 0xff,
    0x40, 0x3f, 0x2f, 0xff, 0xff, 0xfd, 0x1, 0xf8,
    0xbc, 0x0, 0x3, 0xf4, 0xb, 0xe2, 0xf0, 0x0,
    0xf, 0xd0, 0x3f, 0x4b, 0xc0, 0x0, 0x3f, 0x40,
    0xfc, 0x2f, 0x0, 0x0, 0xfd, 0xb, 0xe0, 0xbe,
    0xaa, 0xab, 0xf4, 0x3f, 0x42, 0xff, 0xff, 0xff,
    0xd1, 0xf8, 0xb, 0xff, 0xff, 0xff, 0x40, 0x80,
    0x2f, 0x0, 0x0, 0xbd, 0x0, 0x0, 0x0, 0x0,
    0x0, 0x0,

    /* U+5468 "周" */
    0x0, 0x0, 0x0, 0x0, 0x0, 0x0, 0x3f, 0xff,
    0xff, 0xff, 0xff, 0x3, 0xff, 0xff, 0xff, 0xff,
    0xf0, 0x3f, 0xaa, 0xbe, 0xaa, 0xbf, 0x3, 0xf0,
    0x7, 0xd0, 0x3, 0xf0, 0x3f, 0x3f, 0xff, 0xfc,
    0x3f, 0x3, 0xf3, 0xff, 0xff, 0xc3, 0xf0, 0x3f,
    0x15, 0xbe, 0x54, 0x3f, 0x3, 0xf0, 0x7, 0xd0,
    0x3, 0xf0, 0x3f, 0x7f, 0xff, 0xfe, 0x3f, 0x3,
    0xf7, 0xff, 0xff, 0xe3, 0xf0, 0x3f, 0x15, 0x55,
    0x54, 0x3f, 0x3, 0xf0, 0x0, 0x0, 0x3, 0xf0,
    0x3e, 0x2f, 0xff, 0xf8, 0x3f, 0x7, 0xe2, 0xff,
    0xff, 0x83, 0xf0, 0x7d, 0x2f, 0x0, 0xf8, 0x3f,
    0xb, 0xc2, 0xf0, 0xf, 0x83, 0xf0, 0xfc, 0x2f,
    0xff, 0xf8, 0x3f, 0x1f, 0x82, 0xff, 0xff, 0x83,
    0xf3, 0xf4, 0x2f, 0x40, 0x3e, 0xbf, 0x3f, 0x1,
    0xa0, 0x2, 0xff, 0xd0, 0xc0, 0x0, 0x0, 0xf,
    0xf4, 0x0, 0x0, 0x0, 0x0, 0x0, 0x0,

    /* U+5584 "善" */
    0x0, 0x4, 0x0, 0x5, 0x0, 0x0, 0x3, 0xf0,
    0x0, 0xfd, 0x0, 0x0, 0x3f, 0x0, 0x1f, 0x80,
    0x1, 0xff, 0xff, 0xff, 0xff, 0xf4, 0x1f, 0xff,
    0xff, 0xff, 0xff, 0x40, 0x0, 0x2, 0xf4, 0x0,
    0x0, 0x3, 0xff, 0xff, 0xff, 0xfc, 0x0, 0x3f,
    0xff, 0xff, 0xff, 0xc0, 0x0, 0x0, 0x2f, 0x40,
    0x0, 0x3, 0xff, 0xff, 0xff, 0xff, 0xfc, 0x3f,
    0xff, 0xff, 0xff, 0xff, 0xc0, 0x2f, 0x42, 0xf8,
    0x2f, 0x80, 0x1, 0xf8, 0x2f, 0x43, 0xf0, 0xf,
    0xff, 0xff, 0xff, 0xff, 0xff, 0xff, 0xff, 0xff,
    0xff, 0xff, 0xf1, 0x55, 0x55, 0x55, 0x55, 0x54,
    0x1, 0x55, 0x55, 0x55, 0x54, 0x0, 0x3f, 0xff,
    0xff, 0xff, 0xc0, 0x3, 0xff, 0xff, 0xff, 0xfc,
    0x0, 0x3f, 0x0, 0x0, 0xf, 0xc0, 0x3, 0xff,
    0xff, 0xff, 0xfc, 0x0, 0x3f, 0xff, 0xff, 0xff,
    0xc0, 0x3, 0xf5, 0x55, 0x55, 0xfc, 0x0,

    /* U+5668 "器" */
    0x1, 0x55, 0x54, 0x15, 0x55, 0x40, 0x3, 0xff,
    0xfc, 0x3f, 0xff, 0xc0, 0x3, 0xff, 0xfc, 0x3f,
    0xff, 0xc0, 0x3, 0xd0, 0xfc, 0x3e, 0xb, 0xc0,
    0x3, 0xd0, 0xfc, 0x3e, 0xb, 0xc0, 0x3, 0xff,
    0xfc, 0x3f, 0xff, 0xc0, 0x3, 0xff, 0xfc, 0x3f,
    0xff, 0xc0, 0x1, 0x55, 0x7e, 0x17, 0xf5, 0x40,
    0x0, 0x0, 0x3f, 0x3, 0xfc, 0x0, 0x15, 0x55,
    0xbf, 0x55, 0xfe, 0x54, 0x3f, 0xff, 0xff, 0xff,
    0xff, 0xfc, 0x3f, 0xff, 0xff, 0xff, 0xff, 0xfc,
    0x0, 0x3f, 0xd0, 0xf, 0xf4, 0x0, 0x1, 0xff,
    0x0, 0x2, 0xfe, 0x0, 0x1f, 0xfe, 0x54, 0x15,
    0xff, 0xe4, 0x3f, 0xff, 0xfc, 0x3f, 0xff, 0xfd,
    0x1f, 0xff, 0xfc, 0x3f, 0xff, 0xf4, 0x3, 0xe0,
    0xfc, 0x3e, 0xb, 0xd0, 0x3, 0xd0, 0xfc, 0x3e,
    0xb, 0xc0, 0x3, 0xff, 0xfc, 0x3f, 0xff, 0xc0,
    0x3, 0xff, 0xfc, 0x3f, 0xff, 0xc0, 0x3, 0xfa,
    0xfc, 0x3f, 0xab, 0xc0,

    /* U+56DE "回" */
    0x3f, 0xff, 0xff, 0xff, 0xff, 0xc3, 0xff, 0xff,
    0xff, 0xff, 0xfd, 0x3f, 0xff, 0xff, 0xff, 0xff,
    0xd3, 0xf0, 0x0, 0x0, 0x0, 0xfd, 0x3f, 0x0,
    0x0, 0x0, 0xf, 0xd3, 0xf0, 0x0, 0x0, 0x0,
    0xfd, 0x3f, 0xb, 0xff, 0xff, 0xf, 0xd3, 0xf0,
    0xff, 0xff, 0xf0, 0xfd, 0x3f, 0xf, 0xea, 0xbf,
    0xf, 0xd3, 0xf0, 0xfc, 0x3, 0xf0, 0xfd, 0x3f,
    0xf, 0xc0, 0x3f, 0xf, 0xd3, 0xf0, 0xfc, 0x3,
    0xf0, 0xfd, 0x3f, 0xf, 0xc0, 0x3f, 0xf, 0xd3,
    0xf0, 0xff, 0xff, 0xf0, 0xfd, 0x3f, 0xf, 0xff,
    0xff, 0xf, 0xd3, 0xf0, 0x55, 0x55, 0x50, 0xfd,
    0x3f, 0x0, 0x0, 0x0, 0xf, 0xd3, 0xf0, 0x0,
    0x0, 0x0, 0xfd, 0x3f, 0xaa, 0xaa, 0xaa, 0xaf,
    0xd3, 0xff, 0xff, 0xff, 0xff, 0xfd, 0x3f, 0xff,
    0xff, 0xff, 0xff, 0xd3, 0xf0, 0x0, 0x0, 0x0,
    0xfd,

    /* U+5728 "在" */
    0x0, 0x0, 0x10, 0x0, 0x0, 0x0, 0x0, 0x0,
    0xfc, 0x0, 0x0, 0x0, 0x0, 0xb, 0xe0, 0x0,
    0x0, 0x0, 0x0, 0x3f, 0x40, 0x0, 0x0, 0x1f,
    0xff, 0xff, 0xff, 0xff, 0xfc, 0x7f, 0xff, 0xff,
    0xff, 0xff, 0xf1, 0xaa, 0xff, 0xaa, 0xaa, 0xaa,
    0x80, 0x3, 0xf8, 0x0, 0x0, 0x0, 0x0, 0x1f,
    0xc0, 0xf, 0xc0, 0x0, 0x0, 0xfd, 0x0, 0x3f,
    0x0, 0x0, 0xb, 0xf0, 0x0, 0xfc, 0x0, 0x0,
    0xbf, 0x40, 0x3, 0xf0, 0x0, 0xb, 0xfc, 0x2f,
    0xff, 0xff, 0xf0, 0xbf, 0xf0, 0xbf, 0xff, 0xff,
    0xc3, 0xff, 0xc1, 0xaa, 0xfe, 0xaa, 0x7, 0xaf,
    0x0, 0x3, 0xf0, 0x0, 0x4, 0xbc, 0x0, 0xf,
    0xc0, 0x0, 0x2, 0xf0, 0x0, 0x3f, 0x0, 0x0,
    0xb, 0xc0, 0x0, 0xfc, 0x0, 0x0, 0x2f, 0x0,
    0x3, 0xf0, 0x0, 0x0, 0xbc, 0xbf, 0xff, 0xff,
    0xfc, 0x2, 0xf2, 0xff, 0xff, 0xff, 0xf0, 0xb,
    0xc6, 0xaa, 0xaa, 0xaa, 0x80,

    /* U+5750 "坐" */
    0x0, 0x0, 0x1, 0x40, 0x0, 0x0, 0x0, 0x24,
    0xb, 0xd0, 0x14, 0x0, 0x0, 0x3f, 0xb, 0xd0,
    0x3f, 0x0, 0x0, 0x7e, 0xb, 0xd0, 0xbd, 0x0,
    0x0, 0xbd, 0xb, 0xd0, 0xfc, 0x0, 0x0, 0xfc,
    0xb, 0xd0, 0xfc, 0x0, 0x1, 0xff, 0xb, 0xd2,
    0xfd, 0x0, 0x3, 0xff, 0xcb, 0xd3, 0xff, 0x40,
    0xb, 0xff, 0xeb, 0xdf, 0xff, 0xd0, 0x1f, 0xc3,
    0xfb, 0xff, 0xcb, 0xf4, 0x3f, 0x81, 0xdb, 0xff,
    0x42, 0xfc, 0xe, 0x0, 0xb, 0xd9, 0x0, 0xb0,
    0x0, 0x0, 0xb, 0xd0, 0x0, 0x0, 0x2, 0xaa,
    0xaf, 0xfa, 0xaa, 0x80, 0x3, 0xff, 0xff, 0xff,
    0xff, 0xc0, 0x3, 0xff, 0xff, 0xff, 0xff, 0xc0,
    0x0, 0x0, 0xb, 0xd0, 0x0, 0x0, 0x0, 0x0,
    0xb, 0xd0, 0x0, 0x0, 0x0, 0x0, 0xb, 0xd0,
    0x0, 0x0, 0x2a, 0xaa, 0xaf, 0xfa, 0xaa, 0xa8,
    0x3f, 0xff, 0xff, 0xff, 0xff, 0xfc, 0x3f, 0xff,
    0xff, 0xff, 0xff, 0xfc, 0x0, 0x0, 0x0, 0x0,
    0x0, 0x0,

    /* U+5907 "备" */
    0x0, 0x0, 0x10, 0x0, 0x0, 0x0, 0x0, 0x0,
    0xbf, 0x0, 0x0, 0x0, 0x0, 0x2, 0xfe, 0x55,
    0x54, 0x0, 0x0, 0xb, 0xff, 0xff, 0xff, 0x0,
    0x0, 0x7f, 0xff, 0xff, 0xfd, 0x0, 0x7, 0xff,
    0xd0, 0x3, 0xf8, 0x0, 0xf, 0xff, 0xf8, 0x1f,
    0xe0, 0x0, 0x3, 0xc2, 0xff, 0xff, 0x80, 0x0,
    0x0, 0x0, 0xbf, 0xff, 0x40, 0x0, 0x0, 0x6f,
    0xff, 0xff, 0xfe, 0x50, 0x3f, 0xff, 0xfd, 0x6f,
    0xff, 0xfd, 0x2f, 0xff, 0x80, 0x0, 0xbf, 0xf8,
    0x1e, 0xea, 0xaa, 0xaa, 0xaa, 0x60, 0x0, 0xff,
    0xff, 0xff, 0xff, 0x0, 0x0, 0xff, 0xff, 0xff,
    0xff, 0x0, 0x0, 0xfc, 0x3, 0xf0, 0x3f, 0x0,
    0x0, 0xff, 0xff, 0xff, 0xff, 0x0, 0x0, 0xff,
    0xff, 0xff, 0xff, 0x0, 0x0, 0xfd, 0x57, 0xf5,
    0x7f, 0x0, 0x0, 0xfc, 0x3, 0xf0, 0x3f, 0x0,
    0x0, 0xff, 0xff, 0xff, 0xff, 0x0, 0x0, 0xff,
    0xff, 0xff, 0xff, 0x0, 0x0, 0xfd, 0x55, 0x55,
    0x7f, 0x0,

    /* U+5916 "外" */
    0x0, 0x10, 0x0, 0x6, 0x80, 0x0, 0x0, 0xbe,
    0x0, 0xf, 0xc0, 0x0, 0x0, 0xbd, 0x0, 0xf,
    0xc0, 0x0, 0x0, 0xfc, 0x0, 0xf, 0xc0, 0x0,
    0x1, 0xff, 0xff, 0x8f, 0xc0, 0x0, 0x2, 0xff,
    0xff, 0xcf, 0xc0, 0x0, 0x3, 0xff, 0xff, 0xcf,
    0xc0, 0x0, 0x7, 0xe0, 0x2f, 0x8f, 0xc0, 0x0,
    0xf, 0xd0, 0x2f, 0x4f, 0xfc, 0x0, 0x1f, 0xc0,
    0x3f, 0xf, 0xff, 0x0, 0x3f, 0x60, 0x7f, 0xf,
    0xff, 0xc0, 0x3e, 0xbd, 0xbe, 0xf, 0xdf, 0xf0,
    0x8, 0xbf, 0xfd, 0xf, 0xc7, 0xfc, 0x0, 0x2f,
    0xfc, 0xf, 0xc1, 0xfc, 0x0, 0x7, 0xf4, 0xf,
    0xc0, 0xb0, 0x0, 0xb, 0xf0, 0xf, 0xc0, 0x0,
    0x0, 0x1f, 0xd0, 0xf, 0xc0, 0x0, 0x0, 0x7f,
    0xc0, 0xf, 0xc0, 0x0, 0x2, 0xff, 0x0, 0xf,
    0xc0, 0x0, 0x1f, 0xfc, 0x0, 0xf, 0xc0, 0x0,
    0x3f, 0xf4, 0x0, 0xf, 0xc0, 0x0, 0xf, 0xc0,
    0x0, 0xf, 0xc0, 0x0, 0x5, 0x0, 0x0, 0xf,
    0xc0, 0x0,

    /* U+5927 "大" */
    0x0, 0x0, 0x5, 0x40, 0x0, 0x0, 0x0, 0x0,
    0x7e, 0x0, 0x0, 0x0, 0x0, 0x1, 0xf8, 0x0,
    0x0, 0x0, 0x0, 0x7, 0xe0, 0x0, 0x0, 0x0,
    0x0, 0x1f, 0x80, 0x0, 0x0, 0x0, 0x0, 0xbe,
    0x0, 0x0, 0x0, 0x0, 0x2, 0xf4, 0x0, 0x0,
    0x1f, 0xff, 0xff, 0xff, 0xff, 0xfc, 0x7f, 0xff,
    0xff, 0xff, 0xff, 0xf1, 0xff, 0xff, 0xff, 0xff,
    0xff, 0xc0, 0x0, 0x7, 0xfe, 0x0, 0x0, 0x0,
    0x0, 0x2f, 0xfc, 0x0, 0x0, 0x0, 0x0, 0xff,
    0xf4, 0x0, 0x0, 0x0, 0x7, 0xf7, 0xf0, 0x0,
    0x0, 0x0, 0x3f, 0x8f, 0xe0, 0x0, 0x0, 0x2,
    0xfc, 0x1f, 0xd0, 0x0, 0x0, 0x1f, 0xe0, 0x3f,
    0xc0, 0x0, 0x1, 0xff, 0x0, 0x3f, 0xc0, 0x0,
    0x1f, 0xf0, 0x0, 0x7f, 0xd0, 0x2, 0xff, 0x0,
    0x0, 0xbf, 0xe0, 0x7f, 0xf0, 0x0, 0x0, 0x7f,
    0xf0, 0xfe, 0x0, 0x0, 0x0, 0x7f, 0x40, 0xd0,
    0x0, 0x0, 0x0, 0x28, 0x0, 0x0, 0x0, 0x0,
    0x0, 0x0,

    /* U+5931 "失" */
    0x0, 0x0, 0x6, 0x80, 0x0, 0x0, 0x0, 0x7e,
    0xb, 0xd0, 0x0, 0x0, 0x0, 0xfd, 0xb, 0xd0,
    0x0, 0x0, 0x0, 0xfc, 0xb, 0xd0, 0x0, 0x0,
    0x2, 0xff, 0xff, 0xff, 0xff, 0x80, 0x3, 0xff,
    0xff, 0xff, 0xff, 0x80, 0x7, 0xff, 0xff, 0xff,
    0xff, 0x80, 0xf, 0xd0, 0xb, 0xd0, 0x0, 0x0,
    0x3f, 0xc0, 0xb, 0xd0, 0x0, 0x0, 0xb, 0x40,
    0xf, 0xc0, 0x0, 0x0, 0x0, 0x0, 0xf, 0xc0,
    0x0, 0x0, 0x3f, 0xff, 0xff, 0xff, 0xff, 0xf8,
    0x3f, 0xff, 0xff, 0xff, 0xff, 0xfc, 0x3f, 0xff,
    0xff, 0xff, 0xff, 0xfc, 0x0, 0x0, 0x3f, 0xf8,
    0x0, 0x0, 0x0, 0x0, 0xbf, 0xfd, 0x0, 0x0,
    0x0, 0x1, 0xfe, 0x7f, 0x0, 0x0, 0x0, 0x7,
    0xfc, 0x3f, 0xd0, 0x0, 0x0, 0x2f, 0xf0, 0xf,
    0xf8, 0x0, 0x2, 0xff, 0xc0, 0x3, 0xff, 0x80,
    0x3f, 0xfe, 0x0, 0x0, 0xff, 0xfc, 0x2f, 0xf4,
    0x0, 0x0, 0x1f, 0xf8, 0xe, 0x40, 0x0, 0x0,
    0x1, 0xf0, 0x0, 0x0, 0x0, 0x0, 0x0, 0x0,

    /* U+5973 "女" */
    0x0, 0x0, 0x54, 0x0, 0x0, 0x0, 0x0, 0xf,
    0xd0, 0x0, 0x0, 0x0, 0x0, 0xfc, 0x0, 0x0,
    0x0, 0x0, 0x1f, 0xc0, 0x0, 0x0, 0x0, 0x3,
    0xf4, 0x0, 0x0, 0x0, 0x0, 0x3f, 0x0, 0x0,
    0x0, 0xbf, 0xff, 0xff, 0xff, 0xff, 0xfb, 0xff,
    0xff, 0xff, 0xff, 0xff, 0xbf, 0xff, 0xff, 0xff,
    0xff, 0xf0, 0x2, 0xf8, 0x0, 0xbe, 0x0, 0x0,
    0x3f, 0x40, 0xf, 0xd0, 0x0, 0xb, 0xf0, 0x1,
    0xfc, 0x0, 0x0, 0xfd, 0x0, 0x2f, 0xc0, 0x0,
    0x2f, 0xe0, 0x3, 0xf4, 0x0, 0x3, 0xff, 0xe0,
    0xff, 0x0, 0x0, 0x7, 0xff, 0xff, 0xd0, 0x0,
    0x0, 0x7, 0xff, 0xfc, 0x0, 0x0, 0x0, 0x7,
    0xff, 0xf4, 0x0, 0x0, 0x6, 0xff, 0xff, 0xf4,
    0x0, 0x1b, 0xff, 0xe2, 0xff, 0xf4, 0xbf, 0xff,
    0xf4, 0x7, 0xff, 0xd3, 0xff, 0xe0, 0x0, 0x7,
    0xfc, 0x2e, 0x40, 0x0, 0x0, 0xb, 0x0, 0x0,
    0x0, 0x0, 0x0, 0x0,

    /* U+597D "好" */
    0x0, 0x40, 0x0, 0x0, 0x0, 0x0, 0x2, 0xf0,
    0x0, 0x0, 0x0, 0x0, 0x3, 0xf0, 0x3, 0xff,
    0xff, 0xe0, 0x3, 0xf0, 0x3, 0xff, 0xff, 0xf4,
    0x3, 0xe0, 0x2, 0xaa, 0xaf, 0xf0, 0x6b, 0xfa,
    0xa0, 0x0, 0x1f, 0xc0, 0x7f, 0xff, 0xf4, 0x0,
    0x3f, 0x40, 0x7f, 0xff, 0xf4, 0x0, 0xfd, 0x0,
    0xf, 0xc2, 0xf0, 0x2, 0xf4, 0x0, 0xf, 0x83,
    0xf0, 0x2, 0xf0, 0x0, 0x1f, 0x43, 0xfa, 0xab,
    0xfe, 0xa8, 0x2f, 0x3, 0xef, 0xff, 0xff, 0xfc,
    0x3f, 0xb, 0xdf, 0xff, 0xff, 0xfc, 0x3f, 0xdf,
    0xc0, 0x3, 0xf4, 0x0, 0xf, 0xff, 0x80, 0x2,
    0xf0, 0x0, 0x2, 0xff, 0x40, 0x2, 0xf0, 0x0,
    0x0, 0xbf, 0x80, 0x2, 0xf0, 0x0, 0x0, 0xff,
    0xe0, 0x2, 0xf0, 0x0, 0x3, 0xff, 0xf8, 0x2,
    0xf0, 0x0, 0xf, 0xf1, 0xf0, 0x3, 0xf0, 0x0,
    0x7f, 0xc0, 0x90, 0xab, 0xf0, 0x0, 0x3f, 0x0,
    0x0, 0xff, 0xf0, 0x0, 0x18, 0x0, 0x0, 0x7f,
    0x80, 0x0, 0x0, 0x0, 0x0, 0x0, 0x0, 0x0,

    /* U+59CB "始" */
    0x0, 0x0, 0x0, 0x0, 0x0, 0x0, 0x2, 0xf0,
    0x0, 0xf, 0xc0, 0x0, 0x2, 0xf0, 0x0, 0x1f,
    0xc0, 0x0, 0x3, 0xf0, 0x0, 0x3f, 0x40, 0x0,
    0x3, 0xe0, 0x0, 0x7f, 0x7, 0x0, 0x2b, 0xfa,
    0x80, 0xfd, 0x1f, 0x80, 0x3f, 0xff, 0xd1, 0xfc,
    0xb, 0xd0, 0x3f, 0xff, 0xd3, 0xf0, 0x3, 0xf0,
    0xb, 0xc7, 0xcb, 0xfa, 0xff, 0xf8, 0xf, 0x8b,
    0xdf, 0xff, 0xff, 0xfc, 0xf, 0x8b, 0xcf, 0xff,
    0xfa, 0xbd, 0x1f, 0x4f, 0xc5, 0x40, 0x0, 0x34,
    0x2f, 0xf, 0x80, 0x0, 0x0, 0x0, 0x3f, 0xdf,
    0x43, 0xff, 0xff, 0xf0, 0xf, 0xff, 0x3, 0xff,
    0xff, 0xf0, 0x3, 0xff, 0x3, 0xfa, 0xab, 0xf0,
    0x0, 0xff, 0x3, 0xe0, 0x2, 0xf0, 0x0, 0xff,
    0xc3, 0xe0, 0x2, 0xf0, 0x3, 0xff, 0xe3, 0xe0,
    0x2, 0xf0, 0xb, 0xf3, 0xc3, 0xf5, 0x57, 0xf0,
    0x3f, 0xc0, 0x3, 0xff, 0xff, 0xf0, 0x2f, 0x0,
    0x3, 0xff, 0xff, 0xf0, 0x8, 0x0, 0x3, 0xe0,
    0x2, 0xf0,

    /* U+5B58 "存" */
    0x0, 0x0, 0x0, 0x0, 0x0, 0x0, 0x0, 0x0,
    0x3e, 0x0, 0x0, 0x0, 0x0, 0x0, 0xbe, 0x0,
    0x0, 0x0, 0x0, 0x0, 0xfd, 0x0, 0x0, 0x0,
    0x1f, 0xff, 0xff, 0xff, 0xff, 0xfc, 0x1f, 0xff,
    0xff, 0xff, 0xff, 0xfc, 0x1a, 0xaf, 0xfa, 0xaa,
    0xaa, 0xa8, 0x0, 0xb, 0xe0, 0x0, 0x0, 0x0,
    0x0, 0x1f, 0xc6, 0xaa, 0xaa, 0x40, 0x0, 0x3f,
    0x4b, 0xff, 0xff, 0xe0, 0x0, 0xff, 0xb, 0xff,
    0xff, 0xc0, 0x2, 0xfc, 0x0, 0x0, 0xbf, 0x0,
    0xb, 0xfc, 0x0, 0x3, 0xf8, 0x0, 0x3f, 0xfc,
    0x0, 0x7, 0xe0, 0x0, 0x3f, 0xfc, 0x6a, 0xaf,
    0xfa, 0xa8, 0x1d, 0xfc, 0x7f, 0xff, 0xff, 0xfd,
    0x0, 0xfc, 0x7f, 0xff, 0xff, 0xfd, 0x0, 0xfc,
    0x0, 0x7, 0xe0, 0x0, 0x0, 0xfc, 0x0, 0x7,
    0xe0, 0x0, 0x0, 0xfc, 0x0, 0x7, 0xe0, 0x0,
    0x0, 0xfc, 0x2, 0xaf, 0xd0, 0x0, 0x0, 0xfc,
    0x2, 0xff, 0xd0, 0x0, 0x0, 0xbc, 0x0, 0xff,
    0x40, 0x0, 0x0, 0x0, 0x0, 0x0, 0x0, 0x0,

    /* U+5B8C "完" */
    0x0, 0x0, 0x1, 0x40, 0x0, 0x0, 0x0, 0x0,
    0x1f, 0xc0, 0x0, 0x0, 0x0, 0x0, 0xf, 0xd0,
    0x0, 0x0, 0x1f, 0xff, 0xff, 0xff, 0xff, 0xf0,
    0x1f, 0xff, 0xff, 0xff, 0xff, 0xf0, 0x1f, 0xff,
    0xff, 0xff, 0xff, 0xf0, 0x1f, 0x40, 0x0, 0x0,
    0x3, 0xf0, 0x1f, 0x5a, 0xaa, 0xaa, 0xa3, 0xf0,
    0x1f, 0x5f, 0xff, 0xff, 0xf3, 0xf0, 0x0, 0x1f,
    0xff, 0xff, 0xf0, 0x0, 0x0, 0x0, 0x0, 0x0,
    0x0, 0x0, 0x0, 0x0, 0x0, 0x0, 0x0, 0x0,
    0x3f, 0xff, 0xff, 0xff, 0xff, 0xf8, 0x3f, 0xff,
    0xff, 0xff, 0xff, 0xf8, 0x2a, 0xab, 0xfa, 0xbf,
    0xea, 0xa4, 0x0, 0x3, 0xf0, 0x3f, 0x0, 0x0,
    0x0, 0x3, 0xe0, 0x3f, 0x0, 0x0, 0x0, 0xb,
    0xe0, 0x3f, 0x0, 0x40, 0x0, 0xf, 0xd0, 0x3f,
    0x0, 0xb8, 0x0, 0x7f, 0xc0, 0x3f, 0x0, 0xfc,
    0x1b, 0xff, 0x0, 0x2f, 0xea, 0xf8, 0x3f, 0xfc,
    0x0, 0x1f, 0xff, 0xf4, 0x1f, 0x90, 0x0, 0xb,
    0xff, 0xe0, 0x0, 0x0, 0x0, 0x0, 0x0, 0x0,

    /* U+5BC6 "密" */
    0x0, 0x0, 0x1, 0x80, 0x0, 0x0, 0x0, 0x0,
    0xb, 0xd0, 0x0, 0x0, 0xa, 0xaa, 0xab, 0xfa,
    0xaa, 0xa4, 0xf, 0xff, 0xff, 0xff, 0xff, 0xf8,
    0xf, 0xff, 0xff, 0xff, 0xff, 0xf8, 0xf, 0x80,
    0x3d, 0x0, 0x41, 0xf8, 0xf, 0x80, 0x7f, 0xd2,
    0xf5, 0xf8, 0x5, 0x82, 0x97, 0xdf, 0xf1, 0x54,
    0x1, 0xf7, 0xe0, 0xbf, 0x8b, 0x40, 0x3, 0xf3,
    0xe2, 0xfe, 0xf, 0xd0, 0xf, 0xd3, 0xff, 0xf4,
    0x6b, 0xf4, 0x1f, 0x87, 0xff, 0x80, 0xbc, 0xfc,
    0x3, 0xbf, 0xff, 0xff, 0xf8, 0x74, 0x2f, 0xff,
    0xff, 0xff, 0xf0, 0x0, 0x1f, 0xf8, 0x5, 0x55,
    0x0, 0x0, 0xe, 0x40, 0x7, 0xe0, 0x0, 0x0,
    0x0, 0xf4, 0x7, 0xe0, 0xf, 0xc0, 0x0, 0xf8,
    0x7, 0xe0, 0xf, 0xc0, 0x0, 0xf8, 0x7, 0xe0,
    0xf, 0xc0, 0x0, 0xfd, 0x5b, 0xf5, 0x6f, 0xc0,
    0x0, 0xff, 0xff, 0xff, 0xff, 0xc0, 0x0, 0xff,
    0xff, 0xff, 0xff, 0xc0, 0x0, 0x0, 0x0, 0x0,
    0x1f, 0xc0,

    /* U+5C06 "将" */
    0x0, 0x29, 0x0, 0x0, 0x0, 0x0, 0x0, 0x3e,
    0x0, 0xf, 0xd0, 0x0, 0x0, 0x3e, 0x0, 0x3f,
    0xd5, 0x50, 0x0, 0x3e, 0x1, 0xff, 0xff, 0xfc,
    0x8, 0x3e, 0xb, 0xff, 0xff, 0xf8, 0x3f, 0x3e,
    0x7f, 0xd0, 0x7, 0xf0, 0x2f, 0xfe, 0x2e, 0x7c,
    0x2f, 0xc0, 0xb, 0xfe, 0x0, 0x7f, 0xff, 0x0,
    0x3, 0xbe, 0x0, 0x2f, 0xfc, 0x0, 0x0, 0x3e,
    0x6, 0xff, 0xe0, 0x0, 0x0, 0x3e, 0x7f, 0xfe,
    0xf, 0x80, 0x0, 0x3e, 0x2f, 0x90, 0xf, 0x80,
    0x0, 0x7e, 0x7e, 0xaa, 0xaf, 0xe8, 0x2, 0xfe,
    0x7f, 0xff, 0xff, 0xfd, 0xf, 0xfe, 0x7f, 0xff,
    0xff, 0xfd, 0x3f, 0xfe, 0x2, 0x80, 0xf, 0x80,
    0x2e, 0x3e, 0xf, 0xe0, 0xf, 0x80, 0x8, 0x3e,
    0x3, 0xf4, 0xf, 0x80, 0x0, 0x3e, 0x1, 0xfc,
    0xf, 0x80, 0x0, 0x3e, 0x0, 0xf4, 0xf, 0x80,
    0x0, 0x3e, 0x0, 0x6, 0xaf, 0x80, 0x0, 0x3e,
    0x0, 0x7, 0xff, 0x40, 0x0, 0x3e, 0x0, 0x3,
    0xfd, 0x0, 0x0, 0x0, 0x0, 0x0, 0x0, 0x0,

    /* U+5C31 "就" */
    0x0, 0x0, 0x0, 0x0, 0x50, 0x0, 0x0, 0x3f,
    0x0, 0x2, 0xf0, 0x0, 0x0, 0x3f, 0x0, 0x2,
    0xf7, 0xc0, 0x2a, 0xbf, 0xaa, 0x2, 0xf3, 0xe0,
    0x3f, 0xff, 0xff, 0x2, 0xf1, 0xf0, 0x3f, 0xff,
    0xff, 0x2, 0xf0, 0xf0, 0x0, 0x0, 0x0, 0x2,
    0xf4, 0x50, 0xf, 0xff, 0xfc, 0xbf, 0xff, 0xfc,
    0xf, 0xff, 0xfc, 0xbf, 0xff, 0xfc, 0xf, 0x95,
    0xbc, 0x17, 0xf5, 0x54, 0xf, 0x80, 0x7c, 0x3,
    0xf0, 0x0, 0xf, 0xff, 0xfc, 0x3, 0xfe, 0x0,
    0xf, 0xff, 0xfc, 0x3, 0xfe, 0x0, 0x5, 0x6f,
    0x54, 0x7, 0xfe, 0x0, 0x7, 0x9f, 0x6c, 0xb,
    0xfe, 0x0, 0xb, 0xdf, 0x7d, 0xf, 0xbe, 0x0,
    0xf, 0x5f, 0x3e, 0x1f, 0x7e, 0x0, 0xf, 0x1f,
    0x1f, 0x3f, 0x3e, 0x10, 0x2f, 0x1f, 0xe, 0x7e,
    0x3e, 0x3d, 0x3d, 0x1f, 0x0, 0xfc, 0x3e, 0x3d,
    0x2d, 0x6f, 0x2, 0xf4, 0x3e, 0x3d, 0x0, 0xff,
    0x7, 0xf0, 0x2f, 0xfc, 0x0, 0xfd, 0x1, 0xc0,
    0xf, 0xf4, 0x0, 0x0, 0x0, 0x0, 0x0, 0x0,

    /* U+5C81 "岁" */
    0x0, 0x0, 0x5, 0x40, 0x0, 0x0, 0x0, 0x3,
    0xf0, 0x0, 0x0, 0xfc, 0x0, 0xfc, 0x0, 0xfc,
    0x3f, 0x0, 0x3f, 0x0, 0x3f, 0xf, 0xc0, 0xf,
    0xc0, 0xf, 0xc3, 0xfa, 0xab, 0xfa, 0xab, 0xf0,
    0xff, 0xff, 0xff, 0xff, 0xfc, 0x3f, 0xff, 0xff,
    0xff, 0xff, 0x0, 0x2, 0xf8, 0x0, 0x0, 0x0,
    0x2, 0xfd, 0x0, 0x0, 0x0, 0x2, 0xff, 0xff,
    0xff, 0xd0, 0x3, 0xff, 0xff, 0xff, 0xfc, 0xb,
    0xfe, 0xaa, 0xaa, 0xfe, 0xb, 0xfc, 0x0, 0x0,
    0xbf, 0x0, 0xf4, 0x7c, 0x0, 0x7f, 0x40, 0x0,
    0x3f, 0xc0, 0x7f, 0x80, 0x0, 0x2, 0xfd, 0xbf,
    0x80, 0x0, 0x0, 0x2f, 0xff, 0x80, 0x0, 0x0,
    0xb, 0xff, 0x40, 0x0, 0x1, 0xbf, 0xfe, 0x0,
    0x0, 0x2f, 0xff, 0xf8, 0x0, 0x0, 0x3, 0xff,
    0xe0, 0x0, 0x0, 0x0, 0xb9, 0x0, 0x0, 0x0,
    0x0, 0x0, 0x0, 0x0, 0x0, 0x0,

    /* U+5DF2 "已" */
    0x0, 0x0, 0x0, 0x0, 0x0, 0xf, 0xff, 0xff,
    0xff, 0xff, 0x0, 0xff, 0xff, 0xff, 0xff, 0xf0,
    0xb, 0xff, 0xff, 0xff, 0xff, 0x0, 0x0, 0x0,
    0x0, 0x3, 0xf0, 0x0, 0x0, 0x0, 0x0, 0x3f,
    0x0, 0x3f, 0x0, 0x0, 0x3, 0xf0, 0x3, 0xf0,
    0x0, 0x0, 0x3f, 0x0, 0x3f, 0x0, 0x0, 0x3,
    0xf0, 0x3, 0xff, 0xff, 0xff, 0xff, 0x0, 0x3f,
    0xff, 0xff, 0xff, 0xf0, 0x3, 0xff, 0xff, 0xff,
    0xff, 0x0, 0x3f, 0x0, 0x0, 0x3, 0xf0, 0x3,
    0xf0, 0x0, 0x0, 0x0, 0x0, 0x3f, 0x0, 0x0,
    0x0, 0x0, 0x3, 0xf0, 0x0, 0x0, 0x0, 0xf8,
    0x3f, 0x0, 0x0, 0x0, 0xf, 0xc3, 0xf0, 0x0,
    0x0, 0x1, 0xfc, 0x2f, 0x90, 0x0, 0x0, 0x7f,
    0x81, 0xff, 0xff, 0xff, 0xff, 0xf0, 0xf, 0xff,
    0xff, 0xff, 0xfd, 0x0, 0xa, 0xaa, 0xaa, 0xa9,
    0x0,

    /* U+5E38 "常" */
    0x0, 0x0, 0x5, 0x40, 0x0, 0x0, 0x1f, 0x0,
    0xfc, 0x7, 0x90, 0x2, 0xfc, 0xf, 0xc0, 0xfd,
    0x0, 0xf, 0xc0, 0xfc, 0x1f, 0x80, 0x3f, 0xff,
    0xff, 0xff, 0xff, 0xf3, 0xff, 0xff, 0xff, 0xff,
    0xff, 0x3f, 0x55, 0x55, 0x55, 0x57, 0xf3, 0xe0,
    0x0, 0x0, 0x0, 0x3f, 0x3e, 0x3f, 0xff, 0xff,
    0xf3, 0xf3, 0xe3, 0xff, 0xff, 0xff, 0x3e, 0x0,
    0x3e, 0x0, 0x3, 0xf0, 0x0, 0x3, 0xff, 0xff,
    0xff, 0x0, 0x0, 0x3f, 0xff, 0xff, 0xf0, 0x0,
    0x0, 0x0, 0xfc, 0x0, 0x0, 0x6, 0xaa, 0xaf,
    0xea, 0xaa, 0x0, 0x7f, 0xff, 0xff, 0xff, 0xf4,
    0x7, 0xff, 0xff, 0xff, 0xff, 0x40, 0x7e, 0x0,
    0xfc, 0x2, 0xf4, 0x7, 0xd0, 0xf, 0xc0, 0x2f,
    0x40, 0x7d, 0x0, 0xfc, 0x2, 0xf4, 0x7, 0xd0,
    0xf, 0xc7, 0xff, 0x40, 0x7d, 0x0, 0xfc, 0x3f,
    0xf0, 0x0, 0x0, 0xf, 0xc1, 0x94, 0x0,

    /* U+5E74 "年" */
    0x0, 0x4, 0x0, 0x0, 0x0, 0x0, 0x0, 0x1f,
    0x80, 0x0, 0x0, 0x0, 0x0, 0x3f, 0x40, 0x0,
    0x0, 0x0, 0x0, 0x7f, 0xff, 0xff, 0xff, 0xe0,
    0x0, 0xff, 0xff, 0xff, 0xff, 0xe0, 0x1, 0xff,
    0xff, 0xff, 0xff, 0xe0, 0x3, 0xf4, 0x0, 0xfc,
    0x0, 0x0, 0xf, 0xe0, 0x0, 0xfc, 0x0, 0x0,
    0x3f, 0xc0, 0x0, 0xfc, 0x0, 0x0, 0xb, 0x7f,
    0xff, 0xff, 0xff, 0xc0, 0x0, 0x3f, 0xff, 0xff,
    0xff, 0xc0, 0x0, 0x3f, 0xaa, 0xfe, 0xaa, 0x80,
    0x0, 0x3e, 0x0, 0xfc, 0x0, 0x0, 0x0, 0x3e,
    0x0, 0xfc, 0x0, 0x0, 0x0, 0x3e, 0x0, 0xfc,
    0x0, 0x0, 0x3f, 0xff, 0xff, 0xff, 0xff, 0xfc,
    0x3f, 0xff, 0xff, 0xff, 0xff, 0xfc, 0x3f, 0xff,
    0xff, 0xff, 0xff, 0xfc, 0x0, 0x0, 0x0, 0xfc,
    0x0, 0x0, 0x0, 0x0, 0x0, 0xfc, 0x0, 0x0,
    0x0, 0x0, 0x0, 0xfc, 0x0, 0x0, 0x0, 0x0,
    0x0, 0xfc, 0x0, 0x0, 0x0, 0x0, 0x0, 0xfc,
    0x0, 0x0,

    /* U+5F00 "开" */
    0x0, 0x0, 0x0, 0x0, 0x0, 0x3, 0xff, 0xff,
    0xff, 0xff, 0xfd, 0x3f, 0xff, 0xff, 0xff, 0xff,
    0xd2, 0xab, 0xfe, 0xaa, 0xfe, 0xa8, 0x0, 0x1f,
    0x40, 0xf, 0xc0, 0x0, 0x1, 0xf4, 0x0, 0xfc,
    0x0, 0x0, 0x1f, 0x40, 0xf, 0xc0, 0x0, 0x1,
    0xf4, 0x0, 0xfc, 0x0, 0x0, 0x1f, 0x40, 0xf,
    0xc0, 0xa, 0xab, 0xfe, 0xaa, 0xfe, 0xaa, 0xff,
    0xff, 0xff, 0xff, 0xff, 0xff, 0xff, 0xff, 0xff,
    0xff, 0xff, 0x0, 0x3f, 0x40, 0xf, 0xc0, 0x0,
    0x3, 0xf0, 0x0, 0xfc, 0x0, 0x0, 0x7f, 0x0,
    0xf, 0xc0, 0x0, 0xf, 0xe0, 0x0, 0xfc, 0x0,
    0x1, 0xfc, 0x0, 0xf, 0xc0, 0x0, 0x3f, 0x80,
    0x0, 0xfc, 0x0, 0xf, 0xf0, 0x0, 0xf, 0xc0,
    0x7, 0xfd, 0x0, 0x0, 0xfc, 0x0, 0x7f, 0x40,
    0x0, 0xf, 0xc0, 0x0, 0xc0, 0x0, 0x0, 0xfc,
    0x0, 0x0, 0x0, 0x0, 0x0, 0x0, 0x0,

    /* U+5F31 "弱" */
    0xa, 0xaa, 0xa8, 0x2a, 0xaa, 0xa0, 0x3f, 0xff,
    0xf1, 0xff, 0xff, 0xc0, 0xff, 0xff, 0xc7, 0xff,
    0xff, 0x0, 0x0, 0x3f, 0x0, 0x0, 0xfc, 0x0,
    0x0, 0xfc, 0x0, 0x3, 0xf0, 0x2f, 0xff, 0xf0,
    0xff, 0xff, 0xc0, 0xbf, 0xff, 0xc3, 0xff, 0xff,
    0x2, 0xfa, 0xa9, 0xf, 0xea, 0xa8, 0xf, 0xc0,
    0x0, 0x3e, 0x0, 0x0, 0x3f, 0x55, 0x50, 0xfd,
    0x55, 0x40, 0xff, 0xff, 0xd3, 0xff, 0xff, 0x43,
    0xff, 0xff, 0x1f, 0xff, 0xfd, 0x6, 0x0, 0xbc,
    0x14, 0x2, 0xf4, 0x3f, 0xd2, 0xf0, 0xfe, 0x4b,
    0xc0, 0x7f, 0xdf, 0xc2, 0xff, 0x2f, 0x0, 0x1f,
    0xbf, 0x0, 0x7f, 0xfc, 0x1, 0xbf, 0xfc, 0x7,
    0xff, 0xf0, 0xff, 0xff, 0xf2, 0xff, 0xef, 0xc2,
    0xfd, 0x1f, 0x87, 0xe4, 0x3f, 0x1, 0x5, 0xfd,
    0x4, 0x56, 0xf8, 0x0, 0x3f, 0xf0, 0x2, 0xff,
    0xd0, 0x0, 0xbf, 0x40, 0x7, 0xfd, 0x0, 0x0,
    0x0, 0x0, 0x0, 0x0, 0x0,

    /* U+5F55 "录" */
    0x0, 0x0, 0x0, 0x0, 0x0, 0x0, 0x3f, 0xff,
    0xff, 0xff, 0xf4, 0x0, 0xff, 0xff, 0xff, 0xff,
    0xd0, 0x2, 0xaa, 0xaa, 0xaa, 0xbf, 0x0, 0x2,
    0xaa, 0xaa, 0xaa, 0xfc, 0x0, 0xf, 0xff, 0xff,
    0xff, 0xf0, 0x0, 0x3f, 0xff, 0xff, 0xff, 0xc0,
    0x0, 0x0, 0x0, 0x0, 0x3f, 0x0, 0x15, 0x55,
    0x55, 0x56, 0xfd, 0x51, 0xff, 0xff, 0xff, 0xff,
    0xff, 0xc7, 0xff, 0xff, 0xff, 0xff, 0xff, 0x0,
    0xa0, 0x7, 0xe0, 0x7, 0x0, 0xb, 0xf4, 0x1f,
    0xd0, 0x7f, 0x40, 0xf, 0xf8, 0x7f, 0xcb, 0xf8,
    0x0, 0x7, 0xf1, 0xff, 0xff, 0x40, 0x0, 0x2,
    0xbf, 0xff, 0xf0, 0x0, 0x0, 0x6f, 0xff, 0xaf,
    0xd0, 0x0, 0x6f, 0xff, 0xbe, 0x2f, 0xf4, 0x7,
    0xff, 0xd1, 0xf8, 0x2f, 0xfe, 0xb, 0xe1, 0x5b,
    0xe0, 0x1f, 0xf4, 0x4, 0x7, 0xff, 0x40, 0x7,
    0x80, 0x0, 0xf, 0xf4, 0x0, 0x0, 0x0, 0x0,
    0x0, 0x0, 0x0, 0x0, 0x0,

    /* U+5FC3 "心" */
    0x0, 0x0, 0x14, 0x0, 0x0, 0x0, 0x0, 0x0,
    0x7e, 0x0, 0x0, 0x0, 0x0, 0x0, 0xbf, 0xc0,
    0x0, 0x0, 0x0, 0x0, 0x1f, 0xf4, 0x0, 0x0,
    0x0, 0x0, 0x3, 0xfe, 0x0, 0x0, 0x0, 0x0,
    0x0, 0xbf, 0x40, 0x0, 0x0, 0x0, 0x0, 0x2d,
    0x0, 0x0, 0x0, 0x3, 0xf0, 0x4, 0x0, 0x40,
    0x6, 0x43, 0xf0, 0x0, 0xf, 0xc0, 0x7, 0xd3,
    0xf0, 0x0, 0xf, 0xc0, 0xb, 0xd3, 0xf0, 0x0,
    0xb, 0xe0, 0xf, 0xc3, 0xf0, 0x0, 0x3, 0xf0,
    0xf, 0xc3, 0xf0, 0x0, 0x3, 0xf4, 0xf, 0xc3,
    0xf0, 0x0, 0x1, 0xf8, 0x1f, 0x83, 0xf0, 0x0,
    0x0, 0xfc, 0x2f, 0x83, 0xf0, 0x0, 0xa4, 0xfd,
    0x3f, 0x43, 0xf0, 0x0, 0xbc, 0xbc, 0x3f, 0x3,
    0xf0, 0x0, 0xfc, 0x40, 0x2, 0x3, 0xf0, 0x0,
    0xfc, 0x0, 0x0, 0x3, 0xfe, 0xab, 0xf8, 0x0,
    0x0, 0x1, 0xff, 0xff, 0xf0, 0x0, 0x0, 0x0,
    0x7f, 0xff, 0xc0, 0x0,

    /* U+5FD8 "忘" */
    0x0, 0x0, 0x1, 0x40, 0x0, 0x0, 0x0, 0x0,
    0x3f, 0x0, 0x0, 0x0, 0x0, 0x0, 0xbe, 0x0,
    0x0, 0xf, 0xff, 0xff, 0xff, 0xff, 0xfc, 0x3f,
    0xff, 0xff, 0xff, 0xff, 0xf0, 0xab, 0xfa, 0xaa,
    0xaa, 0xaa, 0x80, 0xf, 0xc0, 0x0, 0x0, 0x0,
    0x0, 0x3f, 0x0, 0x0, 0x0, 0x0, 0x0, 0xfc,
    0x0, 0x0, 0x0, 0x0, 0x3, 0xfa, 0xaa, 0xaa,
    0xaa, 0x0, 0xf, 0xff, 0xff, 0xff, 0xfd, 0x0,
    0x3f, 0xff, 0xff, 0xff, 0xf4, 0x0, 0x0, 0x2,
    0x0, 0x0, 0x0, 0x0, 0x0, 0x3f, 0x0, 0x0,
    0x0, 0x0, 0x0, 0xbf, 0x0, 0x14, 0x1, 0xd3,
    0xf0, 0xbe, 0x3, 0xf0, 0xb, 0xdf, 0xc0, 0xfc,
    0x7, 0xd0, 0x3f, 0x3f, 0x1, 0x41, 0xf, 0xc1,
    0xf8, 0xfc, 0x0, 0xb, 0xdf, 0x4f, 0xc3, 0xf4,
    0x0, 0x3f, 0x3e, 0x3e, 0xb, 0xff, 0xff, 0xf8,
    0xf4, 0x10, 0x1f, 0xff, 0xff, 0xc0, 0x0, 0x0,
    0x5, 0xaa, 0xa4, 0x0, 0x0,

    /* U+6001 "态" */
    0x0, 0x0, 0x6, 0x90, 0x0, 0x0, 0x0, 0x0,
    0xb, 0xd0, 0x0, 0x0, 0x0, 0x0, 0xb, 0xd0,
    0x0, 0x0, 0x0, 0x0, 0xf, 0xd0, 0x0, 0x0,
    0x3f, 0xff, 0xff, 0xff, 0xff, 0xfc, 0x3f, 0xff,
    0xff, 0xff, 0xff, 0xfc, 0x1a, 0xaa, 0xbf, 0xff,
    0xaa, 0xa8, 0x0, 0x0, 0x3f, 0x7f, 0x0, 0x0,
    0x0, 0x0, 0xfe, 0x2f, 0xc0, 0x0, 0x0, 0x3,
    0xfc, 0xf, 0xf0, 0x0, 0x0, 0x1f, 0xf6, 0x3,
    0xfe, 0x0, 0x2, 0xff, 0xff, 0xe0, 0xff, 0xe4,
    0x3f, 0xfe, 0xb, 0xfc, 0x2f, 0xfc, 0xf, 0xe0,
    0x2, 0xf8, 0x2, 0xf0, 0x5, 0x0, 0xb, 0xc0,
    0x0, 0x0, 0x3, 0x8b, 0xcb, 0xf0, 0xf, 0x80,
    0x7, 0xeb, 0xc2, 0xf8, 0xf, 0xc0, 0xb, 0xdb,
    0xc0, 0xfc, 0x47, 0xe0, 0xf, 0xcb, 0xc0, 0x20,
    0xbf, 0xf0, 0x1f, 0x8b, 0xd0, 0x0, 0xfd, 0xf8,
    0x3f, 0x4b, 0xff, 0xff, 0xf8, 0xfc, 0xb, 0x3,
    0xff, 0xff, 0xf0, 0xa4, 0x0, 0x0, 0x5a, 0xaa,
    0x40, 0x0,

    /* U+6027 "性" */
    0x0, 0xa4, 0x0, 0x1, 0x40, 0x0, 0x0, 0xf8,
    0x1, 0x7, 0xe0, 0x0, 0x0, 0xf8, 0xb, 0xc7,
    0xe0, 0x0, 0x0, 0xf8, 0xf, 0xc7, 0xe0, 0x0,
    0x0, 0xf9, 0xf, 0xc7, 0xe0, 0x0, 0xe, 0xff,
    0x5f, 0xef, 0xfa, 0xa4, 0x1f, 0xff, 0xef, 0xff,
    0xff, 0xf8, 0x2f, 0xfb, 0xff, 0xff, 0xff, 0xf8,
    0x2e, 0xfa, 0xff, 0x7, 0xe0, 0x0, 0x3e, 0xf8,
    0xbd, 0x7, 0xe0, 0x0, 0x3d, 0xf8, 0x7c, 0x7,
    0xe0, 0x0, 0x2c, 0xf8, 0x0, 0x7, 0xe0, 0x0,
    0x0, 0xf8, 0xf, 0xff, 0xff, 0xf0, 0x0, 0xf8,
    0xf, 0xff, 0xff, 0xf0, 0x0, 0xf8, 0xa, 0xaf,
    0xfa, 0xa0, 0x0, 0xf8, 0x0, 0x7, 0xe0, 0x0,
    0x0, 0xf8, 0x0, 0x7, 0xe0, 0x0, 0x0, 0xf8,
    0x0, 0x7, 0xe0, 0x0, 0x0, 0xf8, 0x0, 0x7,
    0xe0, 0x0, 0x0, 0xf8, 0x0, 0x7, 0xe0, 0x0,
    0x0, 0xf8, 0xff, 0xff, 0xff, 0xfc, 0x0, 0xf8,
    0xff, 0xff, 0xff, 0xfc, 0x0, 0xf8, 0xaa, 0xaa,
    0xaa, 0xa8,

    /* U+611F "感" */
    0x0, 0x0, 0x0, 0x15, 0x4, 0x0, 0x0, 0x0,
    0x0, 0x2f, 0x3f, 0x0, 0x0, 0x0, 0x0, 0x2f,
    0x5f, 0xc0, 0xb, 0xff, 0xff, 0xff, 0xff, 0xf8,
    0xb, 0xff, 0xff, 0xff, 0xff, 0xf8, 0xb, 0xd0,
    0x0, 0x1f, 0x41, 0x0, 0xb, 0xdf, 0xff, 0xcf,
    0x43, 0xe0, 0xb, 0xdf, 0xff, 0xcf, 0x8b, 0xd0,
    0xb, 0xc0, 0x0, 0xf, 0xcf, 0xc0, 0xf, 0xcf,
    0xff, 0x8b, 0xff, 0x40, 0xf, 0xcf, 0xff, 0x87,
    0xfe, 0x0, 0xf, 0x8f, 0x7, 0x83, 0xfc, 0x38,
    0x1f, 0x4f, 0xb, 0x8b, 0xf8, 0x7c, 0x3f, 0xf,
    0xff, 0xff, 0xff, 0xfc, 0x7f, 0xa, 0xaa, 0xaf,
    0x7f, 0xf4, 0x2c, 0x0, 0x2, 0x4, 0xb, 0xd0,
    0x4, 0x5, 0x4f, 0xc0, 0x1, 0x0, 0x7, 0x9f,
    0x87, 0xf0, 0xf, 0xc0, 0xf, 0xdf, 0x82, 0xf8,
    0x9b, 0xd0, 0x1f, 0x8f, 0x80, 0x91, 0xfb, 0xf0,
    0x3f, 0x4f, 0xd0, 0x7, 0xf2, 0xf8, 0x2e, 0xf,
    0xff, 0xff, 0xf0, 0xe0, 0x0, 0x2, 0xff, 0xff,
    0x80, 0x0,

    /* U+6210 "成" */
    0x0, 0x0, 0x0, 0x14, 0x4, 0x0, 0x0, 0x0,
    0x0, 0x7e, 0x3e, 0x0, 0x0, 0x0, 0x0, 0x7e,
    0x7f, 0xd0, 0x0, 0x0, 0x0, 0x7e, 0xb, 0xd0,
    0x3, 0xff, 0xff, 0xff, 0xff, 0xfc, 0x3, 0xff,
    0xff, 0xff, 0xff, 0xfd, 0x3, 0xff, 0xff, 0xff,
    0xff, 0xfd, 0x3, 0xf0, 0x0, 0x3f, 0x0, 0x0,
    0x3, 0xf0, 0x0, 0x3f, 0x2, 0x50, 0x3, 0xfa,
    0xa9, 0x3f, 0x7, 0xe0, 0x3, 0xff, 0xff, 0x3f,
    0xf, 0xd0, 0x3, 0xff, 0xff, 0x2f, 0x4f, 0xc0,
    0x3, 0xf0, 0x3f, 0x1f, 0xaf, 0x80, 0x3, 0xf0,
    0x3e, 0x1f, 0xff, 0x0, 0x7, 0xe0, 0x3e, 0xf,
    0xfd, 0x0, 0x7, 0xe0, 0x3e, 0xf, 0xfc, 0x0,
    0xb, 0xd0, 0x7e, 0xb, 0xf4, 0x30, 0xb, 0xdf,
    0xfd, 0x1f, 0xf0, 0x3d, 0xf, 0xcb, 0xfc, 0x7f,
    0xf4, 0x3d, 0x1f, 0xc6, 0xa2, 0xff, 0xfc, 0x7c,
    0x2f, 0x80, 0xf, 0xfc, 0xff, 0xfc, 0x3f, 0x0,
    0xb, 0xf0, 0x3f, 0xf4, 0xa, 0x0, 0x3, 0x40,
    0xb, 0xe0, 0x0, 0x0, 0x0, 0x0, 0x0, 0x0,

    /* U+6234 "戴" */
    0x0, 0x6, 0x80, 0xa, 0x80, 0x0, 0x0, 0xb,
    0xc0, 0xf, 0xcb, 0x0, 0xb, 0xff, 0xff, 0xcf,
    0xdf, 0xc0, 0xb, 0xff, 0xff, 0xcf, 0xc7, 0xf0,
    0x0, 0xb, 0xd0, 0xf, 0xc1, 0xc0, 0x3f, 0xff,
    0xff, 0xff, 0xff, 0xfc, 0x3f, 0xff, 0xff, 0xff,
    0xff, 0xfc, 0x15, 0x55, 0x55, 0x5f, 0xd5, 0x54,
    0xb, 0xff, 0xff, 0xcb, 0xc0, 0x0, 0xb, 0xef,
    0xef, 0xc7, 0xd1, 0xe0, 0xb, 0x9b, 0xd7, 0xc7,
    0xd2, 0xf0, 0xb, 0xff, 0xff, 0xc3, 0xd3, 0xf0,
    0xb, 0x9b, 0xdb, 0xc3, 0xe3, 0xe0, 0xb, 0xff,
    0xff, 0xc3, 0xfb, 0xd0, 0x0, 0xbc, 0xbc, 0x3,
    0xff, 0xc0, 0xf, 0xff, 0xff, 0xe2, 0xff, 0x40,
    0x5, 0xbd, 0xbd, 0x51, 0xff, 0x0, 0x2a, 0xfe,
    0xfe, 0xa0, 0xfd, 0x10, 0x2f, 0xff, 0xff, 0xf2,
    0xfc, 0x3c, 0x0, 0xf4, 0x78, 0xb, 0xfe, 0x3c,
    0x7, 0xf4, 0xbe, 0x3f, 0xff, 0xfc, 0x2f, 0xd0,
    0x2f, 0x6f, 0x1f, 0xf8, 0xb, 0x0, 0x9, 0x8,
    0x7, 0xe0, 0x0, 0x0, 0x0, 0x0, 0x0, 0x0,

    /* U+6237 "户" */
    0x0, 0x0, 0x0, 0x40, 0x0, 0x0, 0x0, 0x3,
    0xf4, 0x0, 0x0, 0x0, 0x0, 0xbe, 0x0, 0x0,
    0x0, 0x0, 0xf, 0xc0, 0x0, 0x2, 0xaa, 0xab,
    0xfa, 0xaa, 0x80, 0xff, 0xff, 0xff, 0xff, 0xf0,
    0x3f, 0xff, 0xff, 0xff, 0xfc, 0xf, 0xd0, 0x0,
    0x0, 0x3f, 0x3, 0xf4, 0x0, 0x0, 0xf, 0xc0,
    0xfd, 0x0, 0x0, 0x3, 0xf0, 0x3f, 0x40, 0x0,
    0x0, 0xfc, 0xf, 0xff, 0xff, 0xff, 0xff, 0x3,
    0xff, 0xff, 0xff, 0xff, 0xc0, 0xfe, 0xaa, 0xaa,
    0xab, 0xf0, 0x3f, 0x0, 0x0, 0x0, 0xa8, 0xf,
    0xc0, 0x0, 0x0, 0x0, 0x7, 0xe0, 0x0, 0x0,
    0x0, 0x2, 0xf4, 0x0, 0x0, 0x0, 0x0, 0xfc,
    0x0, 0x0, 0x0, 0x0, 0x7f, 0x0, 0x0, 0x0,
    0x0, 0x3f, 0x80, 0x0, 0x0, 0x0, 0x1f, 0xc0,
    0x0, 0x0, 0x0, 0x1, 0xd0, 0x0, 0x0, 0x0,
    0x0, 0x0, 0x0, 0x0, 0x0, 0x0,

    /* U+624B "手" */
    0x0, 0x0, 0x0, 0x0, 0x10, 0x0, 0x0, 0x0,
    0x5, 0xbf, 0xe0, 0x1, 0xaf, 0xff, 0xff, 0xff,
    0xd0, 0x3, 0xff, 0xff, 0xff, 0xe4, 0x0, 0xf,
    0xfa, 0xbf, 0x80, 0x0, 0x0, 0x0, 0x0, 0x7e,
    0x0, 0x0, 0x0, 0x0, 0x1, 0xf8, 0x0, 0x0,
    0x2, 0xaa, 0xaf, 0xfa, 0xaa, 0x90, 0x1f, 0xff,
    0xff, 0xff, 0xff, 0x80, 0x7f, 0xff, 0xff, 0xff,
    0xfe, 0x0, 0x0, 0x1, 0xf8, 0x0, 0x0, 0x0,
    0x0, 0x7, 0xe0, 0x0, 0x0, 0x0, 0x0, 0x1f,
    0x80, 0x0, 0x3, 0xff, 0xff, 0xff, 0xff, 0xff,
    0xcf, 0xff, 0xff, 0xff, 0xff, 0xff, 0x3f, 0xff,
    0xff, 0xff, 0xff, 0xfc, 0x0, 0x0, 0x1f, 0x80,
    0x0, 0x0, 0x0, 0x0, 0x7e, 0x0, 0x0, 0x0,
    0x0, 0x1, 0xf8, 0x0, 0x0, 0x0, 0x0, 0x7,
    0xe0, 0x0, 0x0, 0x0, 0x7f, 0xff, 0x40, 0x0,
    0x0, 0x0, 0xff, 0xfc, 0x0, 0x0, 0x0, 0x2,
    0xff, 0x80, 0x0, 0x0, 0x0, 0x0, 0x0, 0x0,
    0x0, 0x0,

    /* U+626B "扫" */
    0x0, 0x54, 0x0, 0x0, 0x0, 0x0, 0x3, 0xf0,
    0x0, 0x0, 0x0, 0x0, 0xf, 0xc0, 0x0, 0x0,
    0x0, 0x0, 0x3f, 0x3, 0xff, 0xff, 0xfc, 0x0,
    0xfc, 0xf, 0xff, 0xff, 0xf0, 0xff, 0xff, 0x95,
    0x55, 0x5f, 0xc3, 0xff, 0xfe, 0x0, 0x0, 0x2f,
    0xa, 0xbf, 0xa4, 0x0, 0x0, 0xbc, 0x0, 0xfc,
    0x0, 0x0, 0x2, 0xf0, 0x3, 0xf0, 0x0, 0x0,
    0xb, 0xc0, 0xf, 0xc1, 0x3f, 0xff, 0xff, 0x0,
    0x3f, 0xfd, 0xff, 0xff, 0xfc, 0x2f, 0xff, 0xf7,
    0xff, 0xff, 0xf0, 0xff, 0xfe, 0x40, 0x0, 0xb,
    0xc3, 0xff, 0xc0, 0x0, 0x0, 0x2f, 0x0, 0x3f,
    0x0, 0x0, 0x0, 0xbc, 0x0, 0xfc, 0x0, 0x0,
    0x2, 0xf0, 0x3, 0xf0, 0x0, 0x0, 0xb, 0xc0,
    0xf, 0xc0, 0x0, 0x0, 0x2f, 0x0, 0x3f, 0x3,
    0xff, 0xff, 0xfc, 0x1a, 0xfc, 0xf, 0xff, 0xff,
    0xf0, 0x3f, 0xe0, 0x2a, 0xaa, 0xaf, 0xc0, 0xfe,
    0x0, 0x0, 0x0, 0x2f, 0x0, 0x0, 0x0, 0x0,
    0x0, 0x0,

    /* U+627E "找" */
    0x0, 0x54, 0x0, 0x0, 0x0, 0x0, 0x0, 0xf8,
    0x0, 0xfc, 0x28, 0x0, 0x0, 0xf8, 0x0, 0xfc,
    0xfe, 0x0, 0x0, 0xf8, 0x0, 0xfc, 0x3f, 0x80,
    0x0, 0xf8, 0x0, 0xbc, 0xf, 0xc0, 0x2a, 0xfe,
    0x80, 0xbc, 0x6, 0x0, 0x3f, 0xff, 0xd0, 0xbe,
    0xaf, 0xf8, 0x3f, 0xff, 0xef, 0xff, 0xff, 0xf8,
    0x0, 0xf8, 0x1f, 0xff, 0xff, 0xa4, 0x0, 0xf8,
    0xe, 0xbe, 0x1, 0x0, 0x0, 0xf8, 0x0, 0x3e,
    0x3, 0xd0, 0x0, 0xfe, 0xd0, 0x3f, 0xb, 0xd0,
    0x1b, 0xff, 0xd0, 0x3f, 0x1f, 0xc0, 0x3f, 0xff,
    0xd0, 0x3f, 0x7f, 0x40, 0x3f, 0xfc, 0x0, 0x2f,
    0xfe, 0x0, 0x14, 0xf8, 0x0, 0x1f, 0xfc, 0x0,
    0x0, 0xf8, 0x0, 0xf, 0xf0, 0x20, 0x0, 0xf8,
    0x0, 0x3f, 0xe0, 0x7c, 0x0, 0xf8, 0x1, 0xff,
    0xf4, 0xbc, 0x0, 0xf8, 0x1f, 0xff, 0xfe, 0xfc,
    0x1a, 0xf8, 0x3f, 0xe0, 0xff, 0xf8, 0x1f, 0xf4,
    0xf, 0x40, 0x7f, 0xf0, 0xf, 0xe0, 0x0, 0x0,
    0xb, 0xd0, 0x0, 0x0, 0x0, 0x0, 0x0, 0x0,

    /* U+6301 "持" */
    0x0, 0x50, 0x0, 0x1, 0x40, 0x0, 0x1, 0xf0,
    0x0, 0xb, 0xc0, 0x0, 0x1, 0xf0, 0x0, 0xb,
    0xc0, 0x0, 0x1, 0xf0, 0x1a, 0xaf, 0xea, 0xa0,
    0x1, 0xf0, 0x1f, 0xff, 0xff, 0xf0, 0x3f, 0xff,
    0x5f, 0xff, 0xff, 0xf0, 0x3f, 0xff, 0x40, 0xb,
    0xc0, 0x0, 0x3f, 0xff, 0x0, 0xb, 0xc0, 0x0,
    0x1, 0xf0, 0x7f, 0xff, 0xff, 0xfc, 0x1, 0xf0,
    0x7f, 0xff, 0xff, 0xfc, 0x1, 0xf0, 0x6a, 0xaa,
    0xbf, 0xe8, 0x1, 0xff, 0x0, 0x0, 0x1f, 0x40,
    0x2f, 0xff, 0x6a, 0xaa, 0xaf, 0xa8, 0x7f, 0xfe,
    0x7f, 0xff, 0xff, 0xfc, 0x3f, 0xf0, 0x3f, 0xff,
    0xff, 0xfc, 0x11, 0xf0, 0x1, 0x80, 0x1f, 0x40,
    0x1, 0xf0, 0xb, 0xd0, 0x1f, 0x40, 0x1, 0xf0,
    0x3, 0xf0, 0x1f, 0x40, 0x1, 0xf0, 0x2, 0xf8,
    0x1f, 0x40, 0x1, 0xf0, 0x0, 0xf8, 0x1f, 0x40,
    0x2f, 0xf0, 0x0, 0x46, 0xbf, 0x0, 0x1f, 0xf0,
    0x0, 0x3, 0xff, 0x0, 0xf, 0x80, 0x0, 0x3,
    0xf8, 0x0, 0x0, 0x0, 0x0, 0x0, 0x0, 0x0,

    /* U+6307 "指" */
    0x0, 0xa4, 0x5, 0x40, 0x0, 0x0, 0x0, 0xf8,
    0xf, 0xc0, 0x1, 0x0, 0x0, 0xf8, 0xf, 0xc0,
    0x6f, 0x80, 0x0, 0xf8, 0xf, 0xeb, 0xff, 0xd0,
    0x0, 0xf8, 0xf, 0xff, 0xf9, 0x0, 0x3f, 0xff,
    0xcf, 0xf9, 0x0, 0x10, 0x3f, 0xff, 0xcf, 0xc0,
    0x0, 0x7c, 0x2a, 0xfe, 0x8b, 0xc0, 0x0, 0xfc,
    0x0, 0xf8, 0xb, 0xff, 0xff, 0xfc, 0x0, 0xf8,
    0x3, 0xff, 0xff, 0xf4, 0x0, 0xf8, 0x0, 0x6a,
    0xaa, 0x80, 0x0, 0xff, 0xd0, 0x0, 0x0, 0x0,
    0x1b, 0xff, 0xdf, 0xff, 0xff, 0xf0, 0x7f, 0xff,
    0x8f, 0xff, 0xff, 0xf0, 0x3f, 0xf8, 0xf, 0xd5,
    0x57, 0xf0, 0x10, 0xf8, 0xf, 0xc0, 0x3, 0xf0,
    0x0, 0xf8, 0xf, 0xff, 0xff, 0xf0, 0x0, 0xf8,
    0xf, 0xff, 0xff, 0xf0, 0x0, 0xf8, 0xf, 0xc0,
    0x3, 0xf0, 0x0, 0xf8, 0xf, 0xc0, 0x3, 0xf0,
    0x1a, 0xf8, 0xf, 0xff, 0xff, 0xf0, 0x1f, 0xf4,
    0xf, 0xff, 0xff, 0xf0, 0xf, 0xd0, 0xf, 0xc0,
    0x2, 0xf0,

    /* U+63A5 "接" */
    0x1, 0x50, 0x0, 0x0, 0x0, 0x0, 0x2, 0xf0,
    0x0, 0x1f, 0x40, 0x0, 0x2, 0xf0, 0x0, 0x1f,
    0xd0, 0x0, 0x2, 0xf0, 0x3f, 0xff, 0xff, 0xf4,
    0x2, 0xf0, 0x3f, 0xff, 0xff, 0xf4, 0x3f, 0xff,
    0x2, 0xd0, 0x1e, 0x40, 0x3f, 0xff, 0x3, 0xf0,
    0x2f, 0x0, 0x3f, 0xff, 0x2, 0xf0, 0x3e, 0x0,
    0x2, 0xf0, 0x56, 0xf9, 0xfe, 0x54, 0x2, 0xf0,
    0xbf, 0xff, 0xff, 0xfc, 0x2, 0xf0, 0xbf, 0xff,
    0xff, 0xfc, 0x2, 0xfa, 0x0, 0x3f, 0x0, 0x0,
    0x1b, 0xff, 0x0, 0x7e, 0x0, 0x0, 0x7f, 0xfe,
    0xff, 0xff, 0xff, 0xfc, 0x3f, 0xf0, 0xff, 0xff,
    0xff, 0xfc, 0x12, 0xf0, 0x17, 0xf5, 0x6f, 0x94,
    0x2, 0xf0, 0xf, 0xd0, 0x3f, 0x0, 0x2, 0xf0,
    0x2f, 0xf9, 0xbe, 0x0, 0x2, 0xf0, 0x7, 0xff,
    0xfc, 0x0, 0x2, 0xf0, 0x0, 0x7f, 0xfe, 0x0,
    0x2b, 0xf0, 0x6b, 0xff, 0xff, 0xe0, 0x2f, 0xe0,
    0xff, 0xfd, 0x1f, 0xf4, 0x1f, 0x80, 0x7e, 0x40,
    0x1, 0xd0, 0x0, 0x0, 0x0, 0x0, 0x0, 0x0,

    /* U+63CF "描" */
    0x0, 0x50, 0x0, 0x50, 0x5, 0x0, 0xb, 0xc0,
    0xb, 0xc0, 0xbc, 0x0, 0x2f, 0x0, 0x2f, 0x2,
    0xf0, 0x0, 0xbc, 0x0, 0xbd, 0xb, 0xc0, 0x2,
    0xf0, 0x7f, 0xff, 0xff, 0xfc, 0xff, 0xfe, 0xff,
    0xff, 0xff, 0xf3, 0xff, 0xf5, 0x6f, 0x56, 0xf5,
    0x4f, 0xff, 0xc0, 0xbc, 0xb, 0xc0, 0x2, 0xf0,
    0x2, 0xf0, 0x2f, 0x0, 0xb, 0xc0, 0x0, 0x0,
    0x0, 0x0, 0x2f, 0x2, 0xff, 0xff, 0xff, 0x0,
    0xbe, 0xcb, 0xff, 0xff, 0xfc, 0x1b, 0xff, 0x6f,
    0x5b, 0xd7, 0xf1, 0xff, 0xf8, 0xbc, 0x2f, 0xb,
    0xc3, 0xff, 0x2, 0xf5, 0xbd, 0x7f, 0x4, 0xbc,
    0xb, 0xff, 0xff, 0xfc, 0x2, 0xf0, 0x2f, 0xff,
    0xff, 0xf0, 0xb, 0xc0, 0xbc, 0x2f, 0xb, 0xc0,
    0x2f, 0x2, 0xf0, 0xbc, 0x2f, 0x0, 0xbc, 0xb,
    0xeb, 0xfa, 0xfc, 0x2f, 0xf0, 0x2f, 0xff, 0xff,
    0xf0, 0xbf, 0x80, 0xbf, 0xff, 0xff, 0xc1, 0xe4,
    0x2, 0xf0, 0x0, 0x2f, 0x0,

    /* U+652F "支" */
    0x0, 0x0, 0x6, 0x80, 0x0, 0x0, 0x0, 0x0,
    0xb, 0xc0, 0x0, 0x0, 0x0, 0x0, 0xb, 0xc0,
    0x0, 0x0, 0x0, 0x0, 0xf, 0xd0, 0x0, 0x0,
    0x2f, 0xff, 0xff, 0xff, 0xff, 0xf0, 0x2f, 0xff,
    0xff, 0xff, 0xff, 0xf0, 0x1f, 0xff, 0xff, 0xff,
    0xff, 0xf0, 0x0, 0x0, 0xb, 0xc0, 0x0, 0x0,
    0x0, 0x0, 0xb, 0xc0, 0x0, 0x0, 0x6, 0xaa,
    0xaf, 0xfa, 0xbd, 0x0, 0x7, 0xff, 0xff, 0xff,
    0xff, 0x40, 0x7, 0xff, 0xff, 0xff, 0xff, 0x0,
    0x0, 0x3f, 0x0, 0x0, 0xfd, 0x0, 0x0, 0x3f,
    0x80, 0x3, 0xfc, 0x0, 0x0, 0xf, 0xd0, 0xb,
    0xf0, 0x0, 0x0, 0x7, 0xf8, 0x2f, 0xd0, 0x0,
    0x0, 0x1, 0xff, 0xff, 0x40, 0x0, 0x0, 0x0,
    0x7f, 0xfd, 0x0, 0x0, 0x0, 0x1, 0xff, 0xff,
    0x40, 0x0, 0x1, 0xbf, 0xff, 0xff, 0xfe, 0x50,
    0x7f, 0xff, 0xf4, 0x2f, 0xff, 0xf8, 0x3f, 0xfe,
    0x0, 0x1, 0xbf, 0xf0, 0x1e, 0x40, 0x0, 0x0,
    0x1, 0x90,

    /* U+6574 "整" */
    0x0, 0xa, 0x0, 0x1, 0x0, 0x0, 0x15, 0x6f,
    0x95, 0xb, 0xd0, 0x0, 0x2f, 0xff, 0xff, 0x4f,
    0xc0, 0x0, 0x1a, 0xaf, 0xaa, 0x1f, 0xff, 0xfc,
    0xa, 0xbf, 0xaa, 0x3f, 0xff, 0xfc, 0xf, 0xff,
    0xff, 0xff, 0x4b, 0xc0, 0xf, 0x1f, 0x1f, 0xff,
    0xcf, 0xc0, 0xf, 0xbf, 0xbf, 0x37, 0xff, 0x40,
    0xf, 0xff, 0xff, 0x2, 0xfe, 0x0, 0x0, 0xff,
    0xb4, 0x2, 0xff, 0x0, 0x7, 0xff, 0xbe, 0x1f,
    0xff, 0xe0, 0x3f, 0xef, 0x1d, 0xff, 0xdb, 0xfc,
    0x1e, 0x1f, 0x0, 0x7e, 0x1, 0xf4, 0x5, 0x55,
    0x55, 0x75, 0x55, 0x60, 0xb, 0xff, 0xff, 0xff,
    0xff, 0xd0, 0x7, 0xff, 0xff, 0xff, 0xff, 0xd0,
    0x0, 0x28, 0x7, 0xd0, 0x0, 0x0, 0x0, 0x7d,
    0x7, 0xff, 0xfe, 0x0, 0x0, 0x7d, 0x7, 0xff,
    0xfe, 0x0, 0x0, 0x7d, 0x7, 0xd0, 0x0, 0x0,
    0x3f, 0xff, 0xff, 0xff, 0xff, 0xfc, 0x3f, 0xff,
    0xff, 0xff, 0xff, 0xfc, 0x15, 0x55, 0x55, 0x55,
    0x55, 0x54,

    /* U+65AD "断" */
    0x0, 0x1, 0x40, 0x0, 0x1, 0x1, 0xa0, 0x2f,
    0x0, 0x0, 0x7f, 0x7, 0xc5, 0xbc, 0x90, 0x7f,
    0xff, 0x1f, 0x7a, 0xf7, 0xaf, 0xff, 0x80, 0x7c,
    0xfb, 0xed, 0xbf, 0x90, 0x1, 0xf3, 0xef, 0xf2,
    0xf0, 0x0, 0x7, 0xca, 0xbe, 0x8b, 0xc0, 0x0,
    0x1f, 0x6b, 0xfa, 0x6f, 0x0, 0x0, 0x7e, 0xff,
    0xff, 0xbe, 0xaa, 0xa1, 0xf7, 0xff, 0xfa, 0xff,
    0xff, 0xc7, 0xc0, 0xfd, 0xb, 0xff, 0xff, 0x1f,
    0xb, 0xfd, 0x2f, 0xb, 0xc0, 0x7c, 0x7f, 0xfc,
    0xbc, 0x2f, 0x1, 0xf7, 0xff, 0xba, 0xf0, 0xbc,
    0x7, 0xff, 0xbc, 0xcf, 0xc2, 0xf0, 0x1f, 0xb6,
    0xf0, 0x3f, 0xb, 0xc0, 0x7c, 0x4b, 0xc0, 0xf8,
    0x2f, 0x1, 0xf0, 0x2f, 0x3, 0xe0, 0xbc, 0x7,
    0xea, 0xaa, 0x9f, 0x42, 0xf0, 0x1f, 0xff, 0xff,
    0xbc, 0xb, 0xc0, 0x7f, 0xff, 0xff, 0xf0, 0x2f,
    0x0, 0x0, 0x0, 0xf, 0x40, 0xbc, 0x0, 0x0,
    0x0, 0xc, 0x2, 0xf0, 0x0, 0x0, 0x0, 0x0,
    0x0, 0x0,

    /* U+65B0 "新" */
    0x0, 0x4, 0x0, 0x0, 0x0, 0x0, 0x0, 0x3e,
    0x0, 0x0, 0x7, 0xc0, 0x0, 0x3f, 0x0, 0x6,
    0xff, 0xf0, 0x2f, 0xff, 0xff, 0x3f, 0xff, 0x90,
    0x2f, 0xff, 0xff, 0x3f, 0x90, 0x0, 0x7, 0xd5,
    0xf9, 0x3f, 0x0, 0x0, 0x3, 0xd0, 0xf8, 0x3f,
    0x0, 0x0, 0x3, 0xe1, 0xf4, 0x3f, 0x0, 0x0,
    0x3f, 0xff, 0xff, 0x7f, 0xaa, 0xa8, 0x3f, 0xff,
    0xff, 0x7f, 0xff, 0xfc, 0x2a, 0xbf, 0xaa, 0x7f,
    0xff, 0xfc, 0x0, 0x1f, 0x0, 0x3f, 0xf, 0xc0,
    0x15, 0x6f, 0x95, 0x3f, 0xf, 0xc0, 0x3f, 0xff,
    0xff, 0x3f, 0xf, 0xc0, 0x3f, 0xff, 0xff, 0x3e,
    0xf, 0xc0, 0x0, 0x1f, 0x4, 0x3e, 0xf, 0xc0,
    0xb, 0x9f, 0x7c, 0x3e, 0xf, 0xc0, 0xf, 0x5f,
    0x3e, 0x7d, 0xf, 0xc0, 0x2f, 0x1f, 0x1f, 0xbc,
    0xf, 0xc0, 0x3d, 0x1f, 0xe, 0xfc, 0xf, 0xc0,
    0x8, 0x6f, 0x1, 0xf8, 0xf, 0xc0, 0x1, 0xff,
    0x1, 0xf0, 0xf, 0xc0, 0x0, 0xfc, 0x0, 0x60,
    0xf, 0xc0,

    /* U+65E0 "无" */
    0x7, 0xff, 0xff, 0xff, 0xff, 0xe0, 0x7, 0xff,
    0xff, 0xff, 0xff, 0xe0, 0x7, 0xff, 0xff, 0xff,
    0xff, 0xe0, 0x0, 0x0, 0xf, 0xc0, 0x0, 0x0,
    0x0, 0x0, 0xf, 0xc0, 0x0, 0x0, 0x0, 0x0,
    0xf, 0xc0, 0x0, 0x0, 0x0, 0x0, 0xf, 0xc0,
    0x0, 0x0, 0x3f, 0xff, 0xff, 0xff, 0xff, 0xfc,
    0x3f, 0xff, 0xff, 0xff, 0xff, 0xfc, 0x2f, 0xff,
    0xff, 0xff, 0xff, 0xfc, 0x0, 0x0, 0x3f, 0xfc,
    0x0, 0x0, 0x0, 0x0, 0x7e, 0xfc, 0x0, 0x0,
    0x0, 0x0, 0xfd, 0xfc, 0x0, 0x0, 0x0, 0x1,
    0xfc, 0xfc, 0x0, 0x0, 0x0, 0x3, 0xf4, 0xfc,
    0x0, 0x40, 0x0, 0xf, 0xf0, 0xfc, 0x0, 0xbc,
    0x0, 0x3f, 0xc0, 0xfc, 0x0, 0xbc, 0x1, 0xff,
    0x40, 0xfd, 0x0, 0xfc, 0x1f, 0xfc, 0x0, 0xff,
    0xff, 0xf8, 0x2f, 0xf0, 0x0, 0x7f, 0xff, 0xf4,
    0xf, 0x40, 0x0, 0x1a, 0xfe, 0x90, 0x0, 0x0,
    0x0, 0x0, 0x0, 0x0,

    /* U+65F6 "时" */
    0x0, 0x0, 0x0, 0x0, 0x0, 0x0, 0x0, 0x0,
    0x0, 0x1, 0xf8, 0x1, 0x55, 0x54, 0x0, 0x7,
    0xe0, 0x2f, 0xff, 0xe0, 0x0, 0x1f, 0x80, 0xbf,
    0xff, 0x80, 0x0, 0x7e, 0x2, 0xf0, 0x3e, 0x7f,
    0xff, 0xff, 0xcb, 0xc0, 0xf9, 0xff, 0xff, 0xff,
    0x2f, 0x3, 0xe7, 0xff, 0xff, 0xfc, 0xbc, 0xf,
    0x80, 0x0, 0x7e, 0x2, 0xfa, 0xbe, 0x0, 0x1,
    0xf8, 0xb, 0xff, 0xf8, 0x7c, 0x7, 0xe0, 0x2f,
    0xff, 0xe3, 0xf4, 0x1f, 0x80, 0xbc, 0xf, 0x83,
    0xf0, 0x7e, 0x2, 0xf0, 0x3e, 0x7, 0xf1, 0xf8,
    0xb, 0xc0, 0xf8, 0xf, 0xe7, 0xe0, 0x2f, 0x3,
    0xe0, 0xd, 0x1f, 0x80, 0xbf, 0xff, 0x80, 0x0,
    0x7e, 0x2, 0xff, 0xfe, 0x0, 0x1, 0xf8, 0xb,
    0xea, 0xa4, 0x0, 0x7, 0xe0, 0x2f, 0x0, 0x0,
    0x0, 0x1f, 0x80, 0x68, 0x0, 0x0, 0xbf, 0xfe,
    0x0, 0x0, 0x0, 0x1, 0xff, 0xf0, 0x0, 0x0,
    0x0, 0x3, 0xfe, 0x0, 0x0, 0x0, 0x0, 0x0,
    0x0, 0x0,

    /* U+6682 "暂" */
    0x0, 0x40, 0x0, 0x0, 0x0, 0x0, 0x1f, 0x80,
    0x0, 0x6, 0xb8, 0xff, 0xff, 0xfd, 0xbf, 0xff,
    0xdf, 0xff, 0xff, 0xdb, 0xff, 0x90, 0x1f, 0x95,
    0x0, 0xbc, 0x0, 0x3, 0xf1, 0xf0, 0xb, 0xc0,
    0x0, 0xff, 0xff, 0xfd, 0xbf, 0xff, 0xf7, 0xff,
    0xff, 0xdf, 0xff, 0xff, 0x15, 0x6f, 0x54, 0xf8,
    0x7e, 0x0, 0x16, 0xfa, 0xdf, 0x43, 0xd0, 0xff,
    0xff, 0xfe, 0xf0, 0x3d, 0xf, 0xff, 0xf9, 0x7f,
    0x3, 0xd0, 0x0, 0x1f, 0x2, 0xd0, 0x3d, 0x0,
    0x1, 0x50, 0x4, 0x2, 0x80, 0x3, 0xff, 0xff,
    0xff, 0xfc, 0x0, 0x3f, 0xff, 0xff, 0xff, 0xc0,
    0x3, 0xe0, 0x0, 0x0, 0xfc, 0x0, 0x3f, 0xff,
    0xff, 0xff, 0xc0, 0x3, 0xff, 0xff, 0xff, 0xfc,
    0x0, 0x3e, 0x0, 0x0, 0xf, 0xc0, 0x3, 0xff,
    0xff, 0xff, 0xfc, 0x0, 0x3f, 0xff, 0xff, 0xff,
    0xc0, 0x3, 0xe0, 0x0, 0x0, 0xfc, 0x0,

    /* U+672A "未" */
    0x0, 0x0, 0x2, 0x90, 0x0, 0x0, 0x0, 0x0,
    0x7, 0xe0, 0x0, 0x0, 0x0, 0x0, 0x7, 0xe0,
    0x0, 0x0, 0x0, 0x0, 0x7, 0xe0, 0x0, 0x0,
    0x2, 0xff, 0xff, 0xff, 0xff, 0xc0, 0x3, 0xff,
    0xff, 0xff, 0xff, 0xc0, 0x3, 0xff, 0xff, 0xff,
    0xff, 0xc0, 0x0, 0x0, 0x7, 0xe0, 0x0, 0x0,
    0x0, 0x0, 0x7, 0xe0, 0x0, 0x0, 0x0, 0x0,
    0x7, 0xe0, 0x0, 0x0, 0x1f, 0xff, 0xff, 0xff,
    0xff, 0xfc, 0x2f, 0xff, 0xff, 0xff, 0xff, 0xfc,
    0x2f, 0xff, 0xff, 0xff, 0xff, 0xfc, 0x0, 0x0,
    0x7f, 0xfd, 0x0, 0x0, 0x0, 0x0, 0xff, 0xff,
    0x40, 0x0, 0x0, 0x7, 0xff, 0xff, 0xd0, 0x0,
    0x0, 0x1f, 0xe7, 0xe7, 0xf8, 0x0, 0x0, 0xbf,
    0x87, 0xe1, 0xff, 0x0, 0x7, 0xfe, 0x7, 0xe0,
    0x7f, 0xe0, 0x3f, 0xf8, 0x7, 0xe0, 0x1f, 0xfc,
    0x1f, 0xd0, 0x7, 0xe0, 0x3, 0xf8, 0xa, 0x0,
    0x7, 0xe0, 0x0, 0x60, 0x0, 0x0, 0x7, 0xe0,
    0x0, 0x0,

    /* U+673A "机" */
    0x0, 0x29, 0x0, 0x0, 0x0, 0x0, 0x0, 0xf,
    0x80, 0x0, 0x0, 0x0, 0x0, 0x3, 0xe0, 0xf,
    0xff, 0xfc, 0x0, 0x0, 0xf8, 0x3, 0xff, 0xff,
    0x0, 0x0, 0x3e, 0x0, 0xfd, 0x6f, 0xc0, 0x6,
    0xaf, 0xe9, 0x3f, 0x3, 0xf0, 0x2, 0xff, 0xff,
    0x8f, 0xc0, 0xfc, 0x0, 0xbf, 0xff, 0xe3, 0xf0,
    0x3f, 0x0, 0x0, 0xbe, 0x0, 0xfc, 0xf, 0xc0,
    0x0, 0x3f, 0x80, 0x3f, 0x3, 0xf0, 0x0, 0x1f,
    0xf4, 0xf, 0xc0, 0xfc, 0x0, 0xb, 0xff, 0x43,
    0xf0, 0x3f, 0x0, 0x3, 0xff, 0xf0, 0xf8, 0xf,
    0xc0, 0x2, 0xff, 0xbf, 0x3e, 0x3, 0xf0, 0x0,
    0xfb, 0xe7, 0x5f, 0x40, 0xfc, 0x0, 0xbc, 0xf8,
    0x87, 0xd0, 0x3f, 0x0, 0x3e, 0x3e, 0x3, 0xf0,
    0xf, 0xc8, 0xb, 0xf, 0x80, 0xfc, 0x3, 0xf3,
    0xc0, 0x43, 0xe0, 0xbd, 0x0, 0xfc, 0xf0, 0x0,
    0xf8, 0x3f, 0x0, 0x3f, 0x3c, 0x0, 0x3e, 0x3f,
    0x80, 0xf, 0xef, 0x0, 0xf, 0x8f, 0xc0, 0x3,
    0xff, 0x80, 0x3, 0xe0, 0x80, 0x0, 0x3f, 0xc0,

    /* U+6761 "条" */
    0x0, 0x0, 0x10, 0x0, 0x0, 0x0, 0x0, 0x0,
    0xfd, 0x0, 0x0, 0x0, 0x0, 0x3, 0xfd, 0x55,
    0x50, 0x0, 0x0, 0xb, 0xff, 0xff, 0xfd, 0x0,
    0x0, 0x3f, 0xff, 0xff, 0xfc, 0x0, 0x1, 0xff,
    0xd0, 0x7, 0xf4, 0x0, 0xf, 0xff, 0xf8, 0x2f,
    0xe0, 0x0, 0x7, 0xd0, 0xff, 0xff, 0x40, 0x0,
    0x1, 0x0, 0x3f, 0xfe, 0x0, 0x0, 0x0, 0x7,
    0xff, 0xff, 0xe4, 0x0, 0x1b, 0xff, 0xfe, 0x7f,
    0xff, 0xf8, 0x3f, 0xff, 0x90, 0x2, 0xff, 0xf8,
    0x1f, 0xe4, 0x7, 0xd0, 0x6, 0xf0, 0x0, 0x0,
    0xb, 0xe0, 0x0, 0x0, 0x2, 0xff, 0xff, 0xff,
    0xff, 0xc0, 0x2, 0xff, 0xff, 0xff, 0xff, 0xc0,
    0x0, 0x55, 0x5b, 0xe5, 0x55, 0x40, 0x0, 0x1f,
    0x47, 0xd0, 0xf0, 0x0, 0x0, 0xbf, 0x7, 0xd1,
    0xfd, 0x0, 0x7, 0xfc, 0x7, 0xd0, 0x7f, 0x40,
    0xf, 0xf0, 0x5f, 0xd0, 0x1f, 0xc0, 0x3, 0x80,
    0xbf, 0xd0, 0x7, 0x80, 0x0, 0x0, 0x7f, 0x40,
    0x0, 0x0,

    /* U+6790 "析" */
    0x0, 0x68, 0x0, 0x0, 0x0, 0x0, 0x0, 0xbc,
    0x0, 0x0, 0x1f, 0x40, 0x0, 0xbc, 0x0, 0x1b,
    0xff, 0xd0, 0x0, 0xbc, 0x2, 0xff, 0xff, 0x80,
    0x0, 0xbc, 0x2, 0xff, 0xe4, 0x0, 0x15, 0xfd,
    0x52, 0xf4, 0x0, 0x0, 0x3f, 0xff, 0xf6, 0xf0,
    0x0, 0x0, 0x3f, 0xff, 0xf6, 0xf0, 0x0, 0x0,
    0x16, 0xfe, 0x52, 0xf0, 0x0, 0x0, 0x1, 0xfc,
    0x2, 0xff, 0xff, 0xfc, 0x2, 0xff, 0x2, 0xff,
    0xff, 0xfc, 0x3, 0xff, 0x82, 0xfa, 0xbf, 0xa8,
    0x7, 0xff, 0xd2, 0xf0, 0x3f, 0x0, 0xf, 0xfe,
    0xf3, 0xf0, 0x3f, 0x0, 0x1f, 0xfc, 0xe3, 0xf0,
    0x3f, 0x0, 0x3e, 0xbc, 0x43, 0xf0, 0x3f, 0x0,
    0x7c, 0xbc, 0x3, 0xe0, 0x3f, 0x0, 0x38, 0xbc,
    0x7, 0xd0, 0x3f, 0x0, 0x10, 0xbc, 0xb, 0xc0,
    0x3f, 0x0, 0x0, 0xbc, 0xf, 0xc0, 0x3f, 0x0,
    0x0, 0xbc, 0x2f, 0x80, 0x3f, 0x0, 0x0, 0xbc,
    0x3f, 0x0, 0x3f, 0x0, 0x0, 0xbc, 0x6, 0x0,
    0x3f, 0x0,

    /* U+67E5 "查" */
    0x0, 0x0, 0x0, 0x0, 0x0, 0x0, 0x0, 0x0,
    0x7, 0xe0, 0x0, 0x0, 0x0, 0x0, 0x7, 0xe0,
    0x0, 0x0, 0x1a, 0xaa, 0xab, 0xfa, 0xaa, 0xa8,
    0x2f, 0xff, 0xff, 0xff, 0xff, 0xfc, 0x1f, 0xff,
    0xff, 0xff, 0xff, 0xfc, 0x0, 0x2, 0xff, 0xff,
    0xc0, 0x0, 0x0, 0xf, 0xf7, 0xeb, 0xf4, 0x0,
    0x0, 0xbf, 0xc7, 0xe2, 0xff, 0x40, 0xb, 0xfe,
    0x7, 0xe0, 0x7f, 0xf4, 0x3f, 0xf4, 0x1, 0x40,
    0xf, 0xfc, 0xf, 0xbf, 0xff, 0xff, 0xfd, 0xf4,
    0x0, 0x3f, 0xff, 0xff, 0xfc, 0x0, 0x0, 0x3f,
    0x0, 0x0, 0xfc, 0x0, 0x0, 0x3f, 0xff, 0xff,
    0xfc, 0x0, 0x0, 0x3f, 0xff, 0xff, 0xfc, 0x0,
    0x0, 0x3f, 0x0, 0x0, 0xfc, 0x0, 0x0, 0x3f,
    0xff, 0xff, 0xfc, 0x0, 0x0, 0x3f, 0xff, 0xff,
    0xfc, 0x0, 0x0, 0x0, 0x0, 0x0, 0x0, 0x0,
    0x1f, 0xff, 0xff, 0xff, 0xff, 0xfc, 0x1f, 0xff,
    0xff, 0xff, 0xff, 0xfc, 0x5, 0x55, 0x55, 0x55,
    0x55, 0x54,

    /* U+6807 "标" */
    0x0, 0x68, 0x0, 0x0, 0x0, 0x0, 0x0, 0xfc,
    0x0, 0x0, 0x0, 0x0, 0x0, 0xfc, 0x3, 0xff,
    0xff, 0xf0, 0x0, 0xfc, 0x3, 0xff, 0xff, 0xf0,
    0x0, 0xfc, 0x2, 0xaa, 0xaa, 0xa0, 0x2a, 0xfe,
    0xa0, 0x0, 0x0, 0x0, 0x3f, 0xff, 0xf0, 0x0,
    0x0, 0x0, 0x3f, 0xff, 0xf0, 0x0, 0x0, 0x0,
    0x2, 0xfc, 0xf, 0xff, 0xff, 0xfc, 0x3, 0xfe,
    0xf, 0xff, 0xff, 0xfc, 0x3, 0xff, 0x8a, 0xab,
    0xfa, 0xa8, 0x7, 0xff, 0xd0, 0x3, 0xe0, 0x0,
    0xf, 0xfe, 0xf0, 0x3, 0xe0, 0x0, 0x1f, 0xfc,
    0xd3, 0xd3, 0xe3, 0xc0, 0x3e, 0xfc, 0x47, 0xd3,
    0xe3, 0xe0, 0x7d, 0xfc, 0xb, 0xc3, 0xe3, 0xf0,
    0x3c, 0xfc, 0xf, 0x83, 0xe1, 0xf4, 0x24, 0xfc,
    0x1f, 0x43, 0xe0, 0xf8, 0x0, 0xfc, 0x3f, 0x3,
    0xe0, 0xfc, 0x0, 0xfc, 0x7d, 0x3, 0xe0, 0xbc,
    0x0, 0xfc, 0x8, 0xbf, 0xe0, 0x74, 0x0, 0xfc,
    0x0, 0x7f, 0xd0, 0x0, 0x0, 0xfc, 0x0, 0x3f,
    0x40, 0x0, 0x0, 0x0, 0x0, 0x0, 0x0, 0x0,

    /* U+6821 "校" */
    0x0, 0xa4, 0x0, 0x2, 0x40, 0x0, 0x0, 0xf8,
    0x0, 0xf, 0xc0, 0x0, 0x0, 0xf8, 0x0, 0xb,
    0xe0, 0x0, 0x0, 0xf8, 0x0, 0x3, 0xe0, 0x0,
    0x0, 0xf8, 0x1f, 0xff, 0xff, 0xfc, 0x2a, 0xfe,
    0x9f, 0xff, 0xff, 0xfc, 0x3f, 0xff, 0xda, 0xea,
    0xaf, 0xa8, 0x3f, 0xff, 0xc0, 0xf4, 0x1f, 0x0,
    0x2, 0xf8, 0x3, 0xf8, 0x1f, 0xc0, 0x3, 0xfc,
    0xb, 0xe0, 0xb, 0xf0, 0x3, 0xff, 0x2f, 0xc0,
    0x2, 0xfc, 0x7, 0xff, 0xbf, 0xf0, 0x1e, 0xf8,
    0xb, 0xff, 0xde, 0xf4, 0x3f, 0x60, 0xf, 0xfb,
    0xd0, 0xfc, 0x3f, 0x0, 0x2e, 0xf9, 0xc0, 0xbe,
    0xfd, 0x0, 0x3d, 0xf8, 0x0, 0x3f, 0xfc, 0x0,
    0x7c, 0xf8, 0x0, 0x1f, 0xf4, 0x0, 0x38, 0xf8,
    0x0, 0x1f, 0xf4, 0x0, 0x10, 0xf8, 0x0, 0xbf,
    0xfe, 0x0, 0x0, 0xf8, 0x3, 0xfe, 0xff, 0xe0,
    0x0, 0xf8, 0x3f, 0xf8, 0x2f, 0xfd, 0x0, 0xf8,
    0x3f, 0xd0, 0x7, 0xf8, 0x0, 0xf8, 0xd, 0x0,
    0x0, 0x60, 0x0, 0x0, 0x0, 0x0, 0x0, 0x0,

    /* U+6848 "案" */
    0x0, 0x0, 0x2, 0x40, 0x0, 0x0, 0x0, 0x0,
    0xf, 0xc0, 0x0, 0x0, 0x1f, 0xff, 0xff, 0xff,
    0xff, 0xf4, 0x1f, 0xff, 0xff, 0xff, 0xff, 0xf4,
    0x1f, 0x95, 0x7e, 0x55, 0x56, 0xf4, 0xa, 0x40,
    0x7f, 0x0, 0x1, 0xa0, 0x2f, 0xff, 0xff, 0xff,
    0xff, 0xf8, 0x2f, 0xff, 0xff, 0xff, 0xff, 0xf8,
    0x15, 0x5f, 0xd5, 0x5b, 0xf5, 0x54, 0x0, 0x2f,
    0xd4, 0x2f, 0xc0, 0x0, 0x0, 0x7f, 0xff, 0xff,
    0x40, 0x0, 0x0, 0x6, 0xff, 0xff, 0xe4, 0x0,
    0x1b, 0xff, 0xff, 0xaf, 0xff, 0xe0, 0xf, 0xff,
    0xea, 0x40, 0x7f, 0xd0, 0x5, 0x50, 0xb, 0xd0,
    0x1, 0x0, 0x2f, 0xff, 0xff, 0xff, 0xff, 0xfc,
    0x3f, 0xff, 0xff, 0xff, 0xff, 0xfc, 0x2a, 0xaa,
    0xff, 0xff, 0xaa, 0xa8, 0x0, 0x7, 0xff, 0xff,
    0xd0, 0x0, 0x1, 0xbf, 0xeb, 0xdb, 0xfe, 0x40,
    0x3f, 0xff, 0xb, 0xd0, 0xbf, 0xfd, 0x2f, 0xe4,
    0xb, 0xd0, 0x1b, 0xf8, 0x9, 0x0, 0xb, 0xd0,
    0x0, 0x60,

    /* U+6863 "档" */
    0x0, 0xa4, 0x0, 0x5, 0x40, 0x0, 0x3, 0xf0,
    0x0, 0x2f, 0x0, 0x0, 0xf, 0xc1, 0xe0, 0xbc,
    0x1e, 0x0, 0x3f, 0xb, 0xc2, 0xf0, 0xbc, 0x0,
    0xfc, 0x1f, 0x4b, 0xc3, 0xf0, 0xab, 0xfa, 0x7f,
    0x2f, 0x1f, 0x43, 0xff, 0xfe, 0xbc, 0xbc, 0xbc,
    0xf, 0xff, 0xf9, 0xe2, 0xf3, 0xd0, 0x2, 0xfc,
    0x0, 0xb, 0xc1, 0x0, 0xf, 0xf0, 0xaa, 0xbf,
    0xaa, 0x80, 0x3f, 0xf3, 0xff, 0xff, 0xff, 0x1,
    0xff, 0xef, 0xff, 0xff, 0xfc, 0xb, 0xff, 0xc0,
    0x0, 0x3, 0xf0, 0x3f, 0xff, 0x40, 0x0, 0xf,
    0xc2, 0xff, 0xdd, 0xaa, 0xaa, 0xbf, 0xf, 0x7f,
    0x7, 0xff, 0xff, 0xfc, 0x7c, 0xfc, 0x1f, 0xff,
    0xff, 0xf0, 0xe3, 0xf0, 0x0, 0x0, 0xf, 0xc1,
    0xf, 0xc0, 0x0, 0x0, 0x3f, 0x0, 0x3f, 0x1f,
    0xff, 0xff, 0xfc, 0x0, 0xfc, 0x7f, 0xff, 0xff,
    0xf0, 0x3, 0xf1, 0xff, 0xff, 0xff, 0xc0, 0xf,
    0xc0, 0x0, 0x0, 0x3f, 0x0,

    /* U+68C0 "检" */
    0x0, 0xa4, 0x0, 0x2, 0x0, 0x0, 0x0, 0xf8,
    0x0, 0xf, 0xc0, 0x0, 0x0, 0xf8, 0x0, 0x2f,
    0xd0, 0x0, 0x0, 0xf8, 0x0, 0x7f, 0xf4, 0x0,
    0x0, 0xf8, 0x1, 0xfe, 0xfe, 0x0, 0x3f, 0xff,
    0x47, 0xf4, 0x3f, 0xc0, 0x3f, 0xff, 0x5f, 0xe0,
    0xf, 0xf4, 0x2a, 0xfe, 0xff, 0x80, 0x3, 0xfe,
    0x2, 0xf9, 0xff, 0xff, 0xff, 0xfd, 0x3, 0xfd,
    0xb5, 0xff, 0xff, 0x1c, 0x3, 0xff, 0x0, 0x55,
    0x55, 0x0, 0x7, 0xff, 0xc0, 0x0, 0x0, 0x40,
    0xf, 0xfb, 0xdb, 0xb, 0x80, 0xf4, 0x1f, 0xfa,
    0x4f, 0x47, 0xc2, 0xf0, 0x3f, 0xf8, 0xb, 0x83,
    0xc3, 0xe0, 0x3d, 0xf8, 0x7, 0xc3, 0xd3, 0xc0,
    0x2c, 0xf8, 0x7, 0xc3, 0xdb, 0xc0, 0x4, 0xf8,
    0x3, 0xd1, 0x5f, 0x40, 0x0, 0xf8, 0x0, 0x0,
    0x2f, 0x0, 0x0, 0xf8, 0x15, 0x55, 0x7e, 0x54,
    0x0, 0xf8, 0x7f, 0xff, 0xff, 0xfc, 0x0, 0xf8,
    0x7f, 0xff, 0xff, 0xfc, 0x0, 0xf8, 0x0, 0x0,
    0x0, 0x0,

    /* U+6B62 "止" */
    0x0, 0x0, 0x0, 0x50, 0x0, 0x0, 0x0, 0x0,
    0x2, 0xf8, 0x0, 0x0, 0x0, 0x0, 0x2, 0xf8,
    0x0, 0x0, 0x0, 0x0, 0x2, 0xf8, 0x0, 0x0,
    0x0, 0x0, 0x2, 0xf8, 0x0, 0x0, 0x0, 0x54,
    0x2, 0xf8, 0x0, 0x0, 0x0, 0xfc, 0x2, 0xf8,
    0x0, 0x0, 0x0, 0xfc, 0x2, 0xf8, 0x0, 0x0,
    0x0, 0xfc, 0x2, 0xff, 0xff, 0xe0, 0x0, 0xfc,
    0x2, 0xff, 0xff, 0xe0, 0x0, 0xfc, 0x2, 0xff,
    0xff, 0xe0, 0x0, 0xfc, 0x2, 0xf8, 0x0, 0x0,
    0x0, 0xfc, 0x2, 0xf8, 0x0, 0x0, 0x0, 0xfc,
    0x2, 0xf8, 0x0, 0x0, 0x0, 0xfc, 0x2, 0xf8,
    0x0, 0x0, 0x0, 0xfc, 0x2, 0xf8, 0x0, 0x0,
    0x0, 0xfc, 0x2, 0xf8, 0x0, 0x0, 0x0, 0xfc,
    0x2, 0xf8, 0x0, 0x0, 0x0, 0xfc, 0x2, 0xf8,
    0x0, 0x0, 0x3f, 0xff, 0xff, 0xff, 0xff, 0xfc,
    0x3f, 0xff, 0xff, 0xff, 0xff, 0xfc, 0x3f, 0xff,
    0xff, 0xff, 0xff, 0xfc,

    /* U+6B63 "正" */
    0x3f, 0xff, 0xff, 0xff, 0xff, 0xd3, 0xff, 0xff,
    0xff, 0xff, 0xfd, 0x3f, 0xff, 0xff, 0xff, 0xff,
    0xd0, 0x0, 0x0, 0xfc, 0x0, 0x0, 0x0, 0x0,
    0xf, 0xc0, 0x0, 0x0, 0x0, 0x0, 0xfc, 0x0,
    0x0, 0x1, 0x50, 0xf, 0xc0, 0x0, 0x0, 0x3f,
    0x0, 0xfc, 0x0, 0x0, 0x3, 0xf0, 0xf, 0xff,
    0xff, 0x0, 0x3f, 0x0, 0xff, 0xff, 0xf0, 0x3,
    0xf0, 0xf, 0xff, 0xff, 0x0, 0x3f, 0x0, 0xfd,
    0x0, 0x0, 0x3, 0xf0, 0xf, 0xc0, 0x0, 0x0,
    0x3f, 0x0, 0xfc, 0x0, 0x0, 0x3, 0xf0, 0xf,
    0xc0, 0x0, 0x0, 0x3f, 0x0, 0xfc, 0x0, 0x0,
    0x3, 0xf0, 0xf, 0xc0, 0x0, 0xb, 0xff, 0xff,
    0xff, 0xff, 0xff, 0xff, 0xff, 0xff, 0xff, 0xff,
    0xff, 0xff, 0xff, 0xff, 0xff, 0xff, 0x0, 0x0,
    0x0, 0x0, 0x0, 0x0,

    /* U+6C27 "氧" */
    0x0, 0x0, 0x0, 0x0, 0x0, 0x0, 0x0, 0x3e,
    0x0, 0x0, 0x0, 0x0, 0x0, 0x7f, 0x0, 0x0,
    0x0, 0x0, 0x0, 0xff, 0xff, 0xff, 0xff, 0xf0,
    0x3, 0xff, 0xff, 0xff, 0xff, 0xf0, 0xf, 0xf4,
    0x0, 0x0, 0x0, 0x0, 0x3f, 0xcf, 0xff, 0xff,
    0xff, 0x0, 0xbf, 0x4b, 0xff, 0xff, 0xff, 0x0,
    0x2d, 0x55, 0x55, 0x55, 0x54, 0x0, 0x1, 0xff,
    0xff, 0xff, 0xfc, 0x0, 0x1, 0xff, 0xff, 0xff,
    0xfc, 0x0, 0x0, 0xbc, 0x7, 0xe0, 0xbc, 0x0,
    0x0, 0x7f, 0xaf, 0xd0, 0xbc, 0x0, 0xf, 0xff,
    0xff, 0xfe, 0xbc, 0x0, 0xf, 0xff, 0xff, 0xfe,
    0xbc, 0x0, 0x1, 0x56, 0xf9, 0x54, 0xbd, 0x0,
    0x7, 0xff, 0xff, 0xfc, 0x7d, 0x0, 0x1, 0x56,
    0xf5, 0x50, 0x7e, 0x20, 0x3f, 0xff, 0xff, 0xff,
    0x3e, 0x3c, 0x3f, 0xff, 0xff, 0xff, 0x3f, 0x3c,
    0x0, 0x2, 0xf4, 0x0, 0x2f, 0xfc, 0x0, 0x1,
    0xf4, 0x0, 0xf, 0xf8, 0x0, 0x1, 0xf4, 0x0,
    0x3, 0xe0,

    /* U+6CE2 "波" */
    0x0, 0x0, 0x0, 0x0, 0x0, 0x0, 0x3, 0x80,
    0x0, 0xf, 0xc0, 0x0, 0xb, 0xf8, 0x0, 0xf,
    0xc0, 0x0, 0x7, 0xfe, 0x0, 0xf, 0xc0, 0x0,
    0x0, 0xbc, 0xbf, 0xff, 0xff, 0xfc, 0x0, 0x4,
    0xbf, 0xff, 0xff, 0xfc, 0x0, 0x0, 0xbe, 0xaf,
    0xeb, 0xf8, 0x4, 0x0, 0xbc, 0xf, 0xc2, 0xf0,
    0x2f, 0x40, 0xbc, 0xf, 0xc3, 0xf0, 0x3f, 0xf0,
    0xbc, 0xf, 0xc0, 0x40, 0xb, 0xf0, 0xbf, 0xff,
    0xff, 0xd0, 0x0, 0xd0, 0xbf, 0xff, 0xff, 0xd0,
    0x0, 0x0, 0xbf, 0xf5, 0x5f, 0xc0, 0x0, 0x0,
    0xff, 0xf0, 0xf, 0xc0, 0x0, 0x70, 0xfd, 0xf8,
    0x2f, 0x40, 0x0, 0xfc, 0xf8, 0xfd, 0x7f, 0x0,
    0x1, 0xf8, 0xf8, 0x3f, 0xfd, 0x0, 0x3, 0xf5,
    0xf4, 0x1f, 0xf8, 0x0, 0x7, 0xf2, 0xf0, 0xf,
    0xf8, 0x0, 0xf, 0xd3, 0xf0, 0xbf, 0xff, 0x40,
    0x1f, 0xcb, 0xeb, 0xff, 0xbf, 0xf4, 0x2f, 0x4f,
    0xdf, 0xf8, 0x1f, 0xfc, 0x7, 0x7, 0x87, 0x80,
    0x1, 0xf0, 0x0, 0x0, 0x0, 0x0, 0x0, 0x0,

    /* U+6CE8 "注" */
    0x0, 0x0, 0x0, 0x1, 0x0, 0x0, 0x3, 0x80,
    0x0, 0x3f, 0x0, 0x0, 0xb, 0xf8, 0x0, 0x2f,
    0x80, 0x0, 0x3, 0xff, 0x0, 0xf, 0xc0, 0x0,
    0x0, 0x7d, 0x0, 0xb, 0x80, 0x0, 0x0, 0x4,
    0xff, 0xff, 0xff, 0xf4, 0x0, 0x0, 0xff, 0xff,
    0xff, 0xf4, 0x4, 0x0, 0xbf, 0xff, 0xff, 0xf4,
    0x2f, 0x40, 0x0, 0xf, 0xc0, 0x0, 0x3f, 0xf0,
    0x0, 0xf, 0xc0, 0x0, 0xb, 0xf4, 0x0, 0xf,
    0xc0, 0x0, 0x0, 0xe0, 0x0, 0xf, 0xc0, 0x0,
    0x0, 0x0, 0x3f, 0xff, 0xff, 0xe0, 0x0, 0x0,
    0x3f, 0xff, 0xff, 0xe0, 0x0, 0x3c, 0x2f, 0xff,
    0xff, 0xd0, 0x0, 0x7f, 0x0, 0xf, 0xc0, 0x0,
    0x0, 0xfd, 0x0, 0xf, 0xc0, 0x0, 0x1, 0xfc,
    0x0, 0xf, 0xc0, 0x0, 0x3, 0xf4, 0x0, 0xf,
    0xc0, 0x0, 0xb, 0xf0, 0x0, 0xf, 0xc0, 0x0,
    0x1f, 0xc2, 0xff, 0xff, 0xff, 0xfc, 0x1f, 0x82,
    0xff, 0xff, 0xff, 0xfc, 0x3, 0x1, 0xaa, 0xaa,
    0xaa, 0xa8, 0x0, 0x0, 0x0, 0x0, 0x0, 0x0,

    /* U+6D4B "测" */
    0x0, 0x0, 0x0, 0x0, 0x0, 0x0, 0x1d, 0x0,
    0x0, 0x0, 0x3, 0xd0, 0xfe, 0x3f, 0xff, 0xf0,
    0xf, 0x42, 0xff, 0xff, 0xff, 0xcf, 0x3d, 0x1,
    0xf3, 0xd0, 0x1f, 0x3c, 0xf4, 0x0, 0x4f, 0x68,
    0x7c, 0xf3, 0xd0, 0x0, 0x3d, 0xf1, 0xf3, 0xcf,
    0x41, 0x0, 0xf7, 0xc7, 0xcf, 0x3d, 0x3f, 0x43,
    0xdf, 0x1f, 0x3c, 0xf5, 0xff, 0x8f, 0x7c, 0x7c,
    0xf3, 0xd0, 0xbd, 0x3d, 0xf1, 0xf3, 0xcf, 0x40,
    0x60, 0xf7, 0xc7, 0xcf, 0x3d, 0x0, 0x3, 0xdf,
    0x1f, 0x3c, 0xf4, 0x0, 0xf, 0x7c, 0x7c, 0xf3,
    0xd0, 0x1c, 0x3d, 0xf1, 0xf3, 0xcf, 0x40, 0xbc,
    0xf7, 0xc7, 0xcf, 0x3d, 0x3, 0xf3, 0xdf, 0x1f,
    0x3c, 0xf4, 0x1f, 0x8b, 0xbc, 0x28, 0xa3, 0xd0,
    0xfc, 0x2, 0xe5, 0x0, 0xf, 0x47, 0xf0, 0x1f,
    0xbd, 0x0, 0x3d, 0x2f, 0x41, 0xf4, 0xbd, 0x15,
    0xf4, 0xfc, 0x2f, 0x80, 0xbc, 0xff, 0xc0, 0x50,
    0x34, 0x0, 0x92, 0xfd, 0x0, 0x0, 0x0, 0x0,
    0x0, 0x0,

    /* U+6D88 "消" */
    0x0, 0x0, 0x0, 0x5, 0x40, 0x0, 0x3, 0x80,
    0x8, 0xf, 0xc0, 0x90, 0xf, 0xf4, 0x7d, 0xf,
    0xc1, 0xfc, 0x7, 0xfe, 0x3f, 0xf, 0xc2, 0xf4,
    0x0, 0xbc, 0x2f, 0x8f, 0xc7, 0xf0, 0x0, 0x10,
    0xf, 0xcf, 0xcb, 0xd0, 0x0, 0x0, 0x9, 0xf,
    0xc1, 0x40, 0x8, 0x0, 0x2a, 0xaf, 0xea, 0xa0,
    0x3f, 0x80, 0x3f, 0xff, 0xff, 0xf0, 0x2f, 0xf4,
    0x3f, 0xff, 0xff, 0xf0, 0x7, 0xf4, 0x3f, 0x0,
    0x3, 0xf0, 0x0, 0xa0, 0x3f, 0x0, 0x3, 0xf0,
    0x0, 0x0, 0x3f, 0xff, 0xff, 0xf0, 0x0, 0x0,
    0x3f, 0xff, 0xff, 0xf0, 0x0, 0x38, 0x3f, 0x0,
    0x3, 0xf0, 0x0, 0xbd, 0x3f, 0x0, 0x3, 0xf0,
    0x0, 0xfc, 0x3f, 0xff, 0xff, 0xf0, 0x2, 0xf8,
    0x3f, 0xff, 0xff, 0xf0, 0x3, 0xf0, 0x3f, 0x55,
    0x57, 0xf0, 0xb, 0xe0, 0x3f, 0x0, 0x3, 0xf0,
    0x1f, 0xc0, 0x3f, 0x0, 0xab, 0xf0, 0xf, 0x80,
    0x3f, 0x0, 0xbf, 0xe0, 0x2, 0x0, 0x3f, 0x0,
    0x7f, 0x80,

    /* U+704C "灌" */
    0x0, 0x0, 0x0, 0x0, 0x0, 0x0, 0x2, 0x0,
    0x3, 0xe0, 0x3d, 0x0, 0xf, 0xe1, 0xff, 0xff,
    0xff, 0xfc, 0xb, 0xfe, 0xff, 0xff, 0xff, 0xfc,
    0x0, 0xf8, 0x57, 0xe5, 0xbe, 0x54, 0x0, 0x10,
    0x2, 0x90, 0x29, 0x0, 0x0, 0x0, 0xff, 0xf9,
    0xff, 0xf0, 0x8, 0x0, 0xff, 0xf9, 0xff, 0xf0,
    0x3f, 0x80, 0xf0, 0xb9, 0xe0, 0xf0, 0x3f, 0xf0,
    0xff, 0xf9, 0xff, 0xf0, 0x7, 0xe0, 0xbf, 0xf5,
    0xff, 0xf0, 0x0, 0x40, 0xf, 0x83, 0xd0, 0x0,
    0x0, 0x0, 0x3f, 0xff, 0xff, 0xf8, 0x0, 0x0,
    0xff, 0xff, 0xff, 0xf8, 0x0, 0xb7, 0xff, 0x2,
    0xf0, 0x0, 0x0, 0xff, 0xff, 0xff, 0xff, 0xf0,
    0x2, 0xf0, 0xbf, 0xab, 0xfa, 0xa0, 0x3, 0xe0,
    0x3f, 0x57, 0xf5, 0x50, 0xb, 0xd0, 0x3f, 0xff,
    0xff, 0xf0, 0xf, 0xc0, 0x3f, 0x2, 0xf0, 0x0,
    0x3f, 0x40, 0x3f, 0xff, 0xff, 0xfc, 0x1f, 0x0,
    0x3f, 0xff, 0xff, 0xfc, 0x0, 0x0, 0x3f, 0x0,
    0x0, 0x0,

    /* U+70B9 "点" */
    0x0, 0x0, 0x0, 0x0, 0x0, 0x0, 0x0, 0x0,
    0x7, 0xe0, 0x0, 0x0, 0x0, 0x0, 0x7, 0xe0,
    0x0, 0x0, 0x0, 0x0, 0x7, 0xff, 0xff, 0xf0,
    0x0, 0x0, 0x7, 0xff, 0xff, 0xf0, 0x0, 0x0,
    0x7, 0xfa, 0xaa, 0xa0, 0x0, 0x0, 0x7, 0xe0,
    0x0, 0x0, 0x0, 0x0, 0x7, 0xe0, 0x0, 0x0,
    0x0, 0xff, 0xff, 0xff, 0xff, 0xc0, 0x0, 0xff,
    0xff, 0xff, 0xff, 0xc0, 0x0, 0xfe, 0xaa, 0xaa,
    0xaf, 0xc0, 0x0, 0xf8, 0x0, 0x0, 0xf, 0xc0,
    0x0, 0xf8, 0x0, 0x0, 0xf, 0xc0, 0x0, 0xfe,
    0xaa, 0xaa, 0xaf, 0xc0, 0x0, 0xff, 0xff, 0xff,
    0xff, 0xc0, 0x0, 0xff, 0xff, 0xff, 0xff, 0xc0,
    0x0, 0x0, 0x0, 0x0, 0x0, 0x0, 0x1, 0xe0,
    0x10, 0x5, 0x7, 0x80, 0x3, 0xf4, 0xf8, 0x3f,
    0xb, 0xd0, 0x7, 0xf0, 0xfc, 0x2f, 0x83, 0xf0,
    0xf, 0xd0, 0xfc, 0xf, 0xc1, 0xf8, 0x3f, 0x80,
    0xbc, 0xf, 0xd0, 0xfc, 0x7, 0x0, 0xb8, 0x6,
    0x40, 0x60,

    /* U+7259 "牙" */
    0x2, 0xaa, 0xaa, 0xaa, 0xaa, 0x90, 0xf, 0xff,
    0xff, 0xff, 0xff, 0x80, 0x3f, 0xff, 0xff, 0xff,
    0xfe, 0x0, 0x0, 0x0, 0x0, 0xfc, 0x0, 0x0,
    0x7e, 0x0, 0x3, 0xf0, 0x0, 0x2, 0xf4, 0x0,
    0xf, 0xc0, 0x0, 0xb, 0xc0, 0x0, 0x3f, 0x0,
    0x0, 0x3f, 0x0, 0x0, 0xfc, 0x0, 0x0, 0xfc,
    0x0, 0x3, 0xf0, 0x0, 0x7, 0xff, 0xff, 0xff,
    0xff, 0xf0, 0x2f, 0xff, 0xff, 0xff, 0xff, 0xc0,
    0xaa, 0xaa, 0xff, 0xfe, 0xaa, 0x0, 0x0, 0x3,
    0xfb, 0xf0, 0x0, 0x0, 0x0, 0x7f, 0x8f, 0xc0,
    0x0, 0x0, 0xb, 0xf8, 0x3f, 0x0, 0x0, 0x1,
    0xff, 0x80, 0xfc, 0x0, 0x0, 0x7f, 0xf4, 0x3,
    0xf0, 0x0, 0x1f, 0xff, 0x0, 0xf, 0xc0, 0x3,
    0xff, 0xd0, 0x0, 0x3f, 0x0, 0x3, 0xf8, 0x0,
    0xbf, 0xf8, 0x0, 0x6, 0x0, 0x1, 0xff, 0xd0,
    0x0, 0x0, 0x0, 0x3, 0xf9, 0x0, 0x0, 0x0,
    0x0, 0x0, 0x0, 0x0, 0x0,

    /* U+72B6 "状" */
    0x0, 0x1a, 0x0, 0x5, 0x40, 0x0, 0x0, 0x3f,
    0x0, 0xf, 0x82, 0x40, 0x0, 0x3f, 0x0, 0xf,
    0x8f, 0xc0, 0x0, 0x3f, 0x0, 0xf, 0x87, 0xe0,
    0x2e, 0x3f, 0x0, 0xf, 0x83, 0xf4, 0x3f, 0x3f,
    0x0, 0xf, 0x80, 0xf0, 0x1f, 0xff, 0x0, 0xf,
    0x80, 0x40, 0xb, 0xff, 0x7f, 0xff, 0xff, 0xfc,
    0x3, 0xff, 0x7f, 0xff, 0xff, 0xfc, 0x1, 0x3f,
    0x7f, 0xff, 0xff, 0xfc, 0x0, 0x3f, 0x0, 0x1f,
    0xc0, 0x0, 0x0, 0x3f, 0x0, 0x2f, 0xe0, 0x0,
    0x0, 0xbf, 0x0, 0x3f, 0xf0, 0x0, 0x3, 0xff,
    0x0, 0x3f, 0xf0, 0x0, 0xf, 0xff, 0x0, 0x7f,
    0xf8, 0x0, 0x3f, 0xff, 0x0, 0xfd, 0xfc, 0x0,
    0x3e, 0x3f, 0x1, 0xfc, 0x7f, 0x0, 0x18, 0x3f,
    0x3, 0xf4, 0x3f, 0x80, 0x0, 0x3f, 0xb, 0xf0,
    0x1f, 0xd0, 0x0, 0x3f, 0x2f, 0xd0, 0xb, 0xf4,
    0x0, 0x3f, 0xbf, 0x80, 0x3, 0xfd, 0x0, 0x3f,
    0xfe, 0x0, 0x0, 0xf8, 0x0, 0x3f, 0x18, 0x0,
    0x0, 0x20, 0x0, 0x0, 0x0, 0x0, 0x0, 0x0,

    /* U+7387 "率" */
    0x0, 0x0, 0x1, 0x40, 0x0, 0x0, 0x0, 0x0,
    0x3f, 0x40, 0x0, 0x0, 0xaa, 0xaa, 0xff, 0xaa,
    0xaa, 0x47, 0xff, 0xff, 0xff, 0xff, 0xfe, 0x1f,
    0xff, 0xff, 0xff, 0xff, 0xf8, 0x0, 0x0, 0x7d,
    0x24, 0x4, 0x0, 0xbc, 0x3, 0xe1, 0xf8, 0x7d,
    0x3, 0xfd, 0x3f, 0xff, 0xc7, 0xf4, 0x1, 0xfc,
    0xff, 0xfc, 0x3f, 0x40, 0x1, 0x82, 0xaf, 0xd0,
    0x20, 0x0, 0x1, 0xc0, 0xfe, 0xf2, 0x80, 0x0,
    0xbf, 0x5f, 0xd7, 0xff, 0xe0, 0x2f, 0xfb, 0xff,
    0xff, 0xef, 0xf0, 0x7e, 0xb, 0xff, 0xff, 0x8f,
    0xd0, 0x80, 0x9, 0xa9, 0x28, 0x8, 0x0, 0x0,
    0x2, 0xf8, 0x0, 0x0, 0x3f, 0xff, 0xff, 0xff,
    0xff, 0xfc, 0xff, 0xff, 0xff, 0xff, 0xff, 0xf2,
    0xaa, 0xaa, 0xff, 0xaa, 0xaa, 0x80, 0x0, 0x2,
    0xf8, 0x0, 0x0, 0x0, 0x0, 0xb, 0xe0, 0x0,
    0x0, 0x0, 0x0, 0x2f, 0x80, 0x0, 0x0, 0x0,
    0x0, 0xbe, 0x0, 0x0, 0x0,

    /* U+7528 "用" */
    0x2, 0xff, 0xff, 0xff, 0xff, 0xe0, 0x2f, 0xff,
    0xff, 0xff, 0xfe, 0x2, 0xff, 0xff, 0xff, 0xff,
    0xe0, 0x2f, 0x0, 0x3f, 0x0, 0x3e, 0x2, 0xf0,
    0x3, 0xf0, 0x3, 0xe0, 0x2f, 0x0, 0x3f, 0x0,
    0x3e, 0x2, 0xff, 0xff, 0xff, 0xff, 0xe0, 0x2f,
    0xff, 0xff, 0xff, 0xfe, 0x3, 0xfa, 0xab, 0xfa,
    0xab, 0xe0, 0x3f, 0x0, 0x3f, 0x0, 0x3e, 0x3,
    0xf0, 0x3, 0xf0, 0x3, 0xe0, 0x3f, 0xaa, 0xbf,
    0xaa, 0xbe, 0x3, 0xff, 0xff, 0xff, 0xff, 0xe0,
    0x3f, 0xff, 0xff, 0xff, 0xfe, 0x3, 0xe0, 0x3,
    0xf0, 0x3, 0xe0, 0xbd, 0x0, 0x3f, 0x0, 0x3e,
    0xf, 0xc0, 0x3, 0xf0, 0x3, 0xe1, 0xfc, 0x0,
    0x3f, 0x0, 0x3e, 0x3f, 0x40, 0x3, 0xf2, 0xab,
    0xe7, 0xf0, 0x0, 0x3f, 0x2f, 0xfd, 0x1d, 0x0,
    0x3, 0xf1, 0xff, 0x80, 0x0, 0x0, 0x0, 0x0,
    0x0,

    /* U+7537 "男" */
    0x0, 0x0, 0x0, 0x0, 0x0, 0x0, 0x1f, 0xff,
    0xff, 0xff, 0xfc, 0x1, 0xff, 0xff, 0xff, 0xff,
    0xc0, 0x1f, 0x80, 0x7e, 0x1, 0xfc, 0x1, 0xf8,
    0x7, 0xe0, 0x1f, 0xc0, 0x1f, 0xff, 0xff, 0xff,
    0xfc, 0x1, 0xff, 0xff, 0xff, 0xff, 0xc0, 0x1f,
    0x40, 0x7e, 0x0, 0xfc, 0x1, 0xf9, 0x5b, 0xe5,
    0x5f, 0xc0, 0x1f, 0xff, 0xff, 0xff, 0xfc, 0x1,
    0xff, 0xff, 0xff, 0xff, 0xc0, 0x0, 0x0, 0xfc,
    0x0, 0x0, 0x0, 0x0, 0xf, 0xc0, 0x0, 0x0,
    0xff, 0xff, 0xff, 0xff, 0xfe, 0xf, 0xff, 0xff,
    0xff, 0xff, 0xe0, 0xaa, 0xab, 0xfa, 0xaa, 0xfd,
    0x0, 0x0, 0xfe, 0x0, 0xb, 0xd0, 0x0, 0x7f,
    0xc0, 0x0, 0xfc, 0x0, 0x7f, 0xf0, 0x0, 0xf,
    0xc2, 0xff, 0xfc, 0x2, 0xab, 0xf8, 0x1f, 0xfd,
    0x0, 0x2f, 0xff, 0x40, 0xf8, 0x0, 0x1, 0xff,
    0xd0, 0x0, 0x0, 0x0, 0x0, 0x0, 0x0,

    /* U+76D1 "监" */
    0x0, 0x6, 0x80, 0x14, 0x0, 0x0, 0x7d, 0x2f,
    0x0, 0xfc, 0x0, 0x1, 0xf4, 0xbc, 0x7, 0xe0,
    0x0, 0x7, 0xd2, 0xf0, 0x2f, 0x95, 0x54, 0x1f,
    0x4b, 0xc0, 0xff, 0xff, 0xf0, 0x7d, 0x2f, 0x7,
    0xff, 0xff, 0xc1, 0xf4, 0xbc, 0x3f, 0x40, 0x0,
    0x7, 0xd2, 0xf2, 0xf8, 0xb4, 0x0, 0x1f, 0x4b,
    0xdf, 0xc7, 0xf4, 0x0, 0x7d, 0x2f, 0x7e, 0x7,
    0xf4, 0x1, 0xf4, 0xbc, 0x20, 0x7, 0xf4, 0x1,
    0x42, 0xf0, 0x0, 0xb, 0x80, 0x0, 0x0, 0x0,
    0x0, 0x4, 0x0, 0x5, 0x55, 0x55, 0x55, 0x54,
    0x0, 0x7f, 0xff, 0xff, 0xff, 0xe0, 0x1, 0xff,
    0xff, 0xff, 0xff, 0x80, 0x7, 0xc2, 0xf0, 0xf8,
    0x3e, 0x0, 0x1f, 0xb, 0xc3, 0xe0, 0xf8, 0x0,
    0x7c, 0x2f, 0xf, 0x83, 0xe0, 0x1, 0xf0, 0xbc,
    0x3e, 0xf, 0x80, 0xff, 0xff, 0xff, 0xff, 0xff,
    0xf3, 0xff, 0xff, 0xff, 0xff, 0xff, 0xca, 0xaa,
    0xaa, 0xaa, 0xaa, 0xaa, 0x0,

    /* U+7801 "码" */
    0x0, 0x0, 0x0, 0x0, 0x0, 0x0, 0xff, 0xff,
    0x9f, 0xff, 0xff, 0x3, 0xff, 0xfe, 0x7f, 0xff,
    0xfc, 0x5, 0xbe, 0x55, 0xaa, 0xab, 0xf0, 0x2,
    0xf0, 0x0, 0xa0, 0xf, 0x80, 0xf, 0x80, 0x7,
    0xd0, 0x3e, 0x0, 0x3d, 0x0, 0x2f, 0x0, 0xf8,
    0x2, 0xf0, 0x0, 0xbc, 0x7, 0xd0, 0xf, 0xff,
    0xc2, 0xf0, 0x1f, 0x40, 0x7f, 0xff, 0xf, 0xc0,
    0xbc, 0x3, 0xfe, 0xfc, 0x3f, 0xff, 0xff, 0x9f,
    0xf1, 0xf0, 0xff, 0xff, 0xfe, 0x3f, 0xc7, 0xc1,
    0x55, 0x56, 0xf8, 0xff, 0x1f, 0x0, 0x0, 0x3,
    0xd1, 0xbc, 0x7c, 0x0, 0x0, 0x1f, 0x41, 0xf1,
    0xf3, 0xff, 0xfe, 0x7d, 0x7, 0xd7, 0xcf, 0xff,
    0xfa, 0xf0, 0x1f, 0xff, 0x15, 0x55, 0x4f, 0xc0,
    0x7f, 0xfc, 0x0, 0x0, 0x3f, 0x1, 0xf0, 0x0,
    0x0, 0x6b, 0xf8, 0x7, 0xc0, 0x0, 0x1, 0xff,
    0xc0, 0x0, 0x0, 0x0, 0x3, 0xfd, 0x0, 0x0,
    0x0, 0x0, 0x0, 0x0, 0x0,

    /* U+786E "确" */
    0x0, 0x0, 0x0, 0x0, 0x0, 0x0, 0x55, 0x55,
    0x2, 0xf0, 0x0, 0x3, 0xff, 0xfe, 0xf, 0xd5,
    0x40, 0xf, 0xff, 0xf8, 0xbf, 0xff, 0xe0, 0x16,
    0xf5, 0x47, 0xff, 0xff, 0x80, 0xb, 0xc0, 0x3f,
    0x1, 0xfc, 0x0, 0x3e, 0x3, 0xf8, 0xf, 0xd0,
    0x0, 0xf4, 0x2f, 0xff, 0xff, 0xfe, 0xb, 0xc0,
    0x3f, 0xff, 0xff, 0xf8, 0x3f, 0xff, 0x2f, 0x4f,
    0x87, 0xe1, 0xff, 0xfc, 0xbc, 0x3e, 0xf, 0x8f,
    0xfb, 0xf2, 0xff, 0xff, 0xfe, 0x7f, 0xc7, 0xcb,
    0xff, 0xff, 0xf8, 0xff, 0x1f, 0x2f, 0xf, 0x83,
    0xe3, 0xfc, 0x7c, 0xbc, 0x3e, 0xf, 0x85, 0xf1,
    0xf2, 0xff, 0xff, 0xfe, 0x7, 0xc7, 0xcf, 0xff,
    0xff, 0xf8, 0x1f, 0x6f, 0x3f, 0x5f, 0xdb, 0xe0,
    0x7f, 0xfd, 0xf4, 0x3e, 0xf, 0x81, 0xff, 0xfb,
    0xc0, 0xf8, 0x3e, 0x7, 0xc0, 0x7f, 0x3, 0xe6,
    0xf8, 0x1f, 0x2, 0xf4, 0xf, 0xbf, 0xd0, 0x0,
    0x2, 0xc0, 0x0, 0xbe, 0x0, 0x0, 0x0, 0x0,
    0x0, 0x0,

    /* U+7A33 "稳" */
    0x0, 0x1, 0x0, 0x64, 0x0, 0x0, 0x0, 0x6f,
    0x40, 0xf8, 0x0, 0x0, 0x1f, 0xff, 0xc3, 0xff,
    0xfe, 0x0, 0x1f, 0xfd, 0xb, 0xff, 0xff, 0x40,
    0x9, 0xfc, 0x2f, 0x80, 0x7f, 0x0, 0x0, 0xbc,
    0xbf, 0x0, 0xbd, 0x0, 0x0, 0xbc, 0x7f, 0xff,
    0xff, 0xe0, 0x1a, 0xfe, 0xaf, 0xff, 0xff, 0xe0,
    0x3f, 0xff, 0xd5, 0x55, 0x57, 0xe0, 0x3f, 0xff,
    0xc0, 0x0, 0x3, 0xe0, 0x6, 0xfd, 0x4f, 0xff,
    0xff, 0xe0, 0x2, 0xfe, 0xf, 0xff, 0xff, 0xe0,
    0x3, 0xff, 0x80, 0x0, 0x3, 0xe0, 0xb, 0xff,
    0xef, 0xff, 0xff, 0xe0, 0xf, 0xfe, 0xef, 0xff,
    0xff, 0xe0, 0x2f, 0xfd, 0x80, 0x7, 0x80, 0x0,
    0x3e, 0xbc, 0x0, 0xb, 0xc0, 0x10, 0x3c, 0xbc,
    0x3e, 0xf3, 0xf2, 0xf0, 0x28, 0xbc, 0xbe, 0xf0,
    0xd0, 0xf4, 0x0, 0xbc, 0xfa, 0xf0, 0xf, 0xfc,
    0x0, 0xbd, 0xf5, 0xf4, 0x1f, 0xbc, 0x0, 0xbd,
    0xf1, 0xff, 0xff, 0x24, 0x0, 0xbc, 0x0, 0xbf,
    0xfd, 0x0,

    /* U+7B2C "第" */
    0x0, 0x0, 0x0, 0x0, 0x0, 0x0, 0x0, 0xfc,
    0x0, 0xf, 0xc0, 0x0, 0x1, 0xfd, 0x55, 0x1f,
    0xd5, 0x54, 0x3, 0xff, 0xff, 0x7f, 0xff, 0xfc,
    0xb, 0xff, 0xfb, 0xff, 0xff, 0xa8, 0x2f, 0xc7,
    0xe1, 0xfc, 0x3f, 0x40, 0x1f, 0x3, 0xd0, 0xb0,
    0xe, 0x40, 0x3, 0xff, 0xff, 0xff, 0xff, 0x80,
    0x3, 0xff, 0xff, 0xff, 0xff, 0xc0, 0x1, 0x55,
    0x5f, 0xd5, 0x5f, 0xc0, 0x0, 0x0, 0xf, 0xc0,
    0xf, 0xc0, 0x0, 0xff, 0xff, 0xff, 0xff, 0xc0,
    0x1, 0xff, 0xff, 0xff, 0xff, 0xc0, 0x1, 0xf9,
    0x5f, 0xd5, 0x55, 0x40, 0x2, 0xf4, 0xf, 0xd0,
    0x0, 0x0, 0x3, 0xff, 0xff, 0xff, 0xff, 0xf0,
    0x3, 0xff, 0xff, 0xff, 0xff, 0xf0, 0x0, 0x2,
    0xff, 0xd0, 0x7, 0xe0, 0x0, 0xf, 0xff, 0xc0,
    0x7, 0xe0, 0x0, 0xbf, 0xcf, 0xc1, 0x5f, 0xd0,
    0x1f, 0xfe, 0xf, 0xc2, 0xff, 0xc0, 0xf, 0xe0,
    0xf, 0xc1, 0xff, 0x40, 0x6, 0x0, 0xf, 0xc0,
    0x0, 0x0,

    /* U+7BA1 "管" */
    0x0, 0xa4, 0x0, 0x6, 0x40, 0x0, 0x2, 0xf8,
    0x0, 0xf, 0xc0, 0x0, 0x3, 0xff, 0xff, 0x1f,
    0xff, 0xfc, 0xb, 0xff, 0xff, 0x7f, 0xff, 0xfc,
    0x1f, 0xcb, 0xd0, 0xbe, 0x3f, 0x40, 0x3f, 0x43,
    0xf1, 0xa8, 0xf, 0x80, 0x6, 0x1, 0x47, 0xe0,
    0x5, 0x0, 0xf, 0xff, 0xff, 0xff, 0xff, 0xf8,
    0xf, 0xff, 0xff, 0xff, 0xff, 0xf8, 0xf, 0x80,
    0x0, 0x0, 0x1, 0xf8, 0xf, 0x95, 0x55, 0x55,
    0x55, 0xf8, 0x5, 0x7f, 0xff, 0xff, 0xff, 0x50,
    0x0, 0x3f, 0xaa, 0xaa, 0xfe, 0x0, 0x0, 0x3f,
    0x0, 0x0, 0x3e, 0x0, 0x0, 0x3f, 0xff, 0xff,
    0xfe, 0x0, 0x0, 0x3f, 0xff, 0xff, 0xfe, 0x0,
    0x0, 0x3f, 0x0, 0x0, 0x0, 0x0, 0x0, 0x3f,
    0xff, 0xff, 0xff, 0xc0, 0x0, 0x3f, 0xff, 0xff,
    0xff, 0xc0, 0x0, 0x3f, 0x0, 0x0, 0xf, 0xc0,
    0x0, 0x3f, 0xff, 0xff, 0xff, 0xc0, 0x0, 0x3f,
    0xff, 0xff, 0xff, 0xc0, 0x0, 0x3f, 0x55, 0x55,
    0x5f, 0xc0,

    /* U+7EDC "络" */
    0x0, 0x0, 0x0, 0x14, 0x0, 0x0, 0x0, 0x38,
    0x0, 0x3f, 0x0, 0x0, 0x0, 0xbf, 0x0, 0xbe,
    0x0, 0x0, 0x0, 0xfc, 0x0, 0xff, 0xff, 0xf0,
    0x1, 0xf8, 0x2, 0xff, 0xff, 0xf4, 0x3, 0xf0,
    0xb, 0xfa, 0xab, 0xe0, 0xb, 0xd3, 0xaf, 0xf8,
    0xf, 0xc0, 0xf, 0xc7, 0xff, 0xfd, 0x3f, 0x80,
    0x3f, 0xff, 0xdd, 0x3f, 0xfe, 0x0, 0x3f, 0xff,
    0x80, 0xf, 0xfc, 0x0, 0x2f, 0xff, 0x0, 0x7f,
    0xfe, 0x0, 0x0, 0xfc, 0x1b, 0xff, 0xff, 0xf8,
    0x3, 0xf4, 0x7f, 0xf8, 0x1f, 0xfc, 0xf, 0xff,
    0xef, 0x80, 0x1, 0xfc, 0x3f, 0xff, 0xdb, 0xff,
    0xff, 0xf4, 0x2f, 0xf9, 0x3, 0xff, 0xff, 0xe0,
    0x19, 0x0, 0x3, 0xe5, 0x57, 0xe0, 0x0, 0x6,
    0xd3, 0xe0, 0x3, 0xe0, 0x1, 0xbf, 0xe3, 0xe0,
    0x3, 0xe0, 0x2f, 0xff, 0x43, 0xff, 0xff, 0xe0,
    0x3f, 0xe4, 0x3, 0xff, 0xff, 0xe0, 0x2d, 0x0,
    0x3, 0xfa, 0xab, 0xe0, 0x0, 0x0, 0x3, 0xe0,
    0x3, 0xe0,

    /* U+7EEA "绪" */
    0x0, 0x0, 0x0, 0x5, 0x0, 0x0, 0x0, 0x78,
    0x0, 0x1f, 0x40, 0x0, 0x0, 0xfc, 0x0, 0x1f,
    0x40, 0xf8, 0x0, 0xf8, 0xf, 0xff, 0xfe, 0xf8,
    0x2, 0xf0, 0xf, 0xff, 0xff, 0xf0, 0x3, 0xe0,
    0x6, 0xaf, 0xaf, 0xd0, 0xb, 0xc3, 0xc0, 0x1f,
    0x5f, 0xc0, 0x1f, 0x47, 0xd0, 0x1f, 0xbf, 0x40,
    0x7f, 0xaf, 0xff, 0xff, 0xff, 0xfd, 0x3f, 0xff,
    0x3f, 0xff, 0xff, 0xfd, 0x3e, 0xfd, 0x15, 0x6f,
    0xe5, 0x54, 0x0, 0xf8, 0x0, 0xbf, 0x80, 0x0,
    0x3, 0xf0, 0x7, 0xff, 0xff, 0xf0, 0xf, 0xff,
    0xff, 0xff, 0xff, 0xf0, 0x3f, 0xff, 0xbf, 0xf9,
    0x57, 0xf0, 0x3f, 0xf9, 0x1e, 0xf4, 0x2, 0xf0,
    0x14, 0x0, 0x1, 0xff, 0xff, 0xf0, 0x0, 0x0,
    0x51, 0xff, 0xff, 0xf0, 0x0, 0x6f, 0xe1, 0xf4,
    0x3, 0xf0, 0x3f, 0xff, 0xe1, 0xf4, 0x3, 0xf0,
    0x3f, 0xf9, 0x1, 0xff, 0xff, 0xf0, 0x3d, 0x0,
    0x1, 0xff, 0xff, 0xf0, 0x0, 0x0, 0x1, 0xf4,
    0x2, 0xf0,

    /* U+7F51 "网" */
    0x0, 0x0, 0x0, 0x0, 0x0, 0x3, 0xff, 0xff,
    0xff, 0xff, 0xfc, 0x3f, 0xff, 0xff, 0xff, 0xff,
    0xc3, 0xfa, 0xaa, 0xaa, 0xaa, 0xfc, 0x3f, 0x0,
    0x0, 0x0, 0xf, 0xc3, 0xf0, 0xf, 0x80, 0xbc,
    0xfc, 0x3f, 0x10, 0xf4, 0xb, 0xcf, 0xc3, 0xff,
    0x5f, 0x7c, 0xf8, 0xfc, 0x3f, 0xfe, 0xf7, 0xff,
    0x8f, 0xc3, 0xf3, 0xff, 0x2f, 0xf4, 0xfc, 0x3f,
    0x1f, 0xe0, 0xbf, 0xf, 0xc3, 0xf0, 0xbe, 0x3,
    0xf0, 0xfc, 0x3f, 0xb, 0xf4, 0x3f, 0xcf, 0xc3,
    0xf0, 0xff, 0xcb, 0xfd, 0xfc, 0x3f, 0x1f, 0xbd,
    0xff, 0xff, 0xc3, 0xf3, 0xf2, 0x6f, 0x5e, 0xfc,
    0x3f, 0xbd, 0x7, 0xf0, 0x4f, 0xc3, 0xff, 0x80,
    0xfd, 0x0, 0xfc, 0x3f, 0x70, 0x7, 0x40, 0xf,
    0xc3, 0xf0, 0x0, 0x0, 0xff, 0xfc, 0x3f, 0x0,
    0x0, 0xb, 0xff, 0x83, 0xf0, 0x0, 0x0, 0x7f,
    0x90,

    /* U+7F6E "置" */
    0x1a, 0xaa, 0xaa, 0xaa, 0xaa, 0x81, 0xff, 0xff,
    0xff, 0xff, 0xf8, 0x1f, 0x43, 0xe0, 0xbc, 0x1f,
    0x81, 0xf4, 0x3e, 0xb, 0xc1, 0xf8, 0x1f, 0xff,
    0xff, 0xff, 0xff, 0x81, 0xff, 0xff, 0xff, 0xff,
    0xf8, 0x0, 0x0, 0x2f, 0x40, 0x0, 0x7, 0xff,
    0xff, 0xff, 0xff, 0xfc, 0x7f, 0xff, 0xff, 0xff,
    0xff, 0xc0, 0x0, 0x3, 0xf0, 0x0, 0x0, 0x3,
    0xff, 0xff, 0xff, 0xfc, 0x0, 0x3f, 0xaa, 0xaa,
    0xaf, 0xc0, 0x3, 0xf5, 0x55, 0x55, 0xfc, 0x0,
    0x3f, 0xff, 0xff, 0xff, 0xc0, 0x3, 0xf5, 0x55,
    0x55, 0xfc, 0x0, 0x3f, 0xff, 0xff, 0xff, 0xc0,
    0x3, 0xf0, 0x0, 0x0, 0xfc, 0x0, 0x3f, 0xff,
    0xff, 0xff, 0xc0, 0x3, 0xf5, 0x55, 0x55, 0xfc,
    0xa, 0xbf, 0xaa, 0xaa, 0xaf, 0xea, 0xbf, 0xff,
    0xff, 0xff, 0xff, 0xf1, 0x55, 0x55, 0x55, 0x55,
    0x55,

    /* U+8003 "考" */
    0x0, 0x0, 0x0, 0x0, 0x0, 0x0, 0x0, 0x7,
    0xd0, 0x0, 0x0, 0x0, 0x0, 0x7d, 0x0, 0xf,
    0x40, 0x3f, 0xff, 0xff, 0xf7, 0xf8, 0x3, 0xff,
    0xff, 0xff, 0xfe, 0x0, 0x15, 0x5b, 0xe5, 0xbf,
    0xc0, 0x0, 0x0, 0x7d, 0xf, 0xf0, 0x1, 0x55,
    0x5b, 0xe7, 0xfe, 0x55, 0x3f, 0xff, 0xff, 0xff,
    0xff, 0xf3, 0xff, 0xff, 0xff, 0xff, 0xff, 0x0,
    0x0, 0xbf, 0xc0, 0x0, 0x0, 0x0, 0x7f, 0xf5,
    0x55, 0x40, 0x0, 0x7f, 0xff, 0xff, 0xfd, 0x0,
    0xbf, 0xff, 0xff, 0xff, 0xd0, 0xbf, 0xfb, 0xf0,
    0x0, 0x0, 0x7, 0xf4, 0xbe, 0x55, 0x55, 0x40,
    0x24, 0xf, 0xff, 0xff, 0xf8, 0x0, 0x2, 0xff,
    0xff, 0xff, 0x40, 0x0, 0x0, 0x0, 0x2, 0xf4,
    0x0, 0x0, 0x0, 0x0, 0x3f, 0x0, 0x0, 0x0,
    0x2a, 0xaf, 0xe0, 0x0, 0x0, 0x2, 0xff, 0xfc,
    0x0, 0x0, 0x0, 0xf, 0xfe, 0x0, 0x0, 0x0,
    0x0, 0x0, 0x0, 0x0,

    /* U+8109 "脉" */
    0x0, 0x0, 0x0, 0x0, 0x0, 0x0, 0xa, 0xaa,
    0x80, 0x3e, 0x80, 0x0, 0xf, 0xff, 0xc0, 0xbf,
    0xfe, 0x0, 0xf, 0xff, 0xc0, 0x1b, 0xff, 0x40,
    0xf, 0x8b, 0xc0, 0x0, 0x2f, 0x0, 0xf, 0x4b,
    0xc3, 0xff, 0xf0, 0x0, 0xf, 0x8b, 0xc3, 0xff,
    0xf0, 0x0, 0xf, 0xff, 0xc2, 0xab, 0xf0, 0x60,
    0xf, 0xff, 0xc0, 0x2, 0xf0, 0xfc, 0xf, 0xef,
    0xda, 0xa6, 0xf7, 0xf8, 0xf, 0x4b, 0xdf, 0xfe,
    0xff, 0xe0, 0xf, 0x4b, 0xdf, 0xfa, 0xff, 0x80,
    0xf, 0xef, 0xc0, 0xfa, 0xfe, 0x0, 0xf, 0xff,
    0xc2, 0xf6, 0xff, 0x0, 0xf, 0xff, 0xc3, 0xf2,
    0xff, 0x80, 0xf, 0x4b, 0xc3, 0xe2, 0xff, 0xc0,
    0x1f, 0xb, 0xcb, 0xd2, 0xf7, 0xe0, 0x1f, 0xb,
    0xef, 0xc2, 0xf3, 0xf8, 0x2f, 0xb, 0xff, 0x42,
    0xf0, 0xfd, 0x3f, 0xb, 0xee, 0x2, 0xf0, 0x78,
    0x3d, 0x6f, 0xc8, 0x6b, 0xf0, 0x10, 0x7c, 0x3f,
    0xc0, 0x3f, 0xf0, 0x0, 0x1c, 0x3e, 0x0, 0x3f,
    0x80, 0x0, 0x0, 0x0, 0x0, 0x0, 0x0, 0x0,

    /* U+8131 "脱" */
    0x0, 0x0, 0x0, 0x0, 0x0, 0x0, 0xa, 0xaa,
    0x82, 0xf0, 0x7, 0xd0, 0xf, 0xff, 0xc2, 0xf8,
    0xf, 0xc0, 0xf, 0xff, 0xc0, 0xfc, 0xf, 0xc0,
    0xf, 0x4b, 0xc0, 0xbd, 0x2f, 0x40, 0xf, 0x47,
    0xc6, 0xfe, 0xbf, 0xa0, 0xf, 0x4b, 0xcb, 0xff,
    0xff, 0xf0, 0xf, 0xff, 0xcb, 0xff, 0xff, 0xf0,
    0xf, 0xff, 0xcb, 0xc0, 0x3, 0xf0, 0xf, 0x9b,
    0xcb, 0xc0, 0x3, 0xf0, 0xf, 0x47, 0xcb, 0xc0,
    0x3, 0xf0, 0xf, 0x47, 0xcb, 0xff, 0xff, 0xf0,
    0xf, 0xef, 0xcb, 0xff, 0xff, 0xf0, 0xf, 0xff,
    0xc5, 0xbe, 0xbf, 0x50, 0xf, 0xff, 0xc0, 0xbd,
    0x3e, 0x0, 0xf, 0xb, 0xc0, 0xbd, 0x3e, 0x0,
    0x1f, 0x7, 0xc0, 0xfc, 0x3e, 0x0, 0x1f, 0x7,
    0xc0, 0xfc, 0x3e, 0x10, 0x2f, 0x7, 0xc2, 0xf8,
    0x3e, 0x3d, 0x3e, 0x7, 0xc7, 0xf0, 0x3e, 0x3d,
    0x3d, 0x6f, 0xef, 0xd0, 0x3f, 0xbd, 0x7c, 0x3f,
    0xff, 0x80, 0x3f, 0xfc, 0x1c, 0x3e, 0x1d, 0x0,
    0xf, 0xf4, 0x0, 0x0, 0x0, 0x0, 0x0, 0x0,

    /* U+8155 "腕" */
    0x0, 0x0, 0x0, 0x0, 0x40, 0x0, 0x5, 0x55,
    0x0, 0xb, 0xc0, 0x0, 0xf, 0xff, 0x40, 0x7,
    0xf0, 0x0, 0xf, 0xff, 0x7f, 0xff, 0xff, 0xfc,
    0xf, 0x4f, 0x7f, 0xff, 0xff, 0xfc, 0xf, 0x4f,
    0x7f, 0x55, 0x55, 0xfc, 0xf, 0x4f, 0x7f, 0x0,
    0x0, 0xbc, 0xf, 0xff, 0x5b, 0x80, 0x0, 0x54,
    0xf, 0xff, 0x4b, 0xfe, 0x7f, 0xf4, 0xf, 0x5f,
    0x4f, 0xff, 0x7f, 0xf4, 0xf, 0x4f, 0x4f, 0x6f,
    0x7c, 0xf4, 0xf, 0x4f, 0x6f, 0x2f, 0x7c, 0xf4,
    0xf, 0xaf, 0xbd, 0x2e, 0x7c, 0xf4, 0xf, 0xff,
    0xfe, 0xbe, 0x7c, 0xf4, 0xf, 0xff, 0xf7, 0xfd,
    0x7c, 0xf4, 0x1f, 0xf, 0x41, 0xfc, 0x7f, 0xf4,
    0x1f, 0xf, 0x40, 0xbc, 0x7e, 0xf0, 0x1f, 0xf,
    0x40, 0xf8, 0x7c, 0x0, 0x2e, 0xf, 0x42, 0xf0,
    0x7c, 0x34, 0x3e, 0xf, 0x47, 0xe0, 0x7c, 0x3c,
    0x3d, 0x6f, 0x5f, 0xc0, 0x7c, 0x7c, 0x7c, 0xbf,
    0x7f, 0x40, 0x3f, 0xfc, 0x18, 0x7d, 0x1c, 0x0,
    0x1f, 0xe0, 0x0, 0x0, 0x0, 0x0, 0x0, 0x0,

    /* U+81EA "自" */
    0x0, 0x0, 0x0, 0x0, 0x0, 0x0, 0x3f, 0x40,
    0x0, 0x0, 0x3, 0xf0, 0x0, 0x0, 0x0, 0x7e,
    0x0, 0x0, 0xff, 0xff, 0xff, 0xff, 0xff, 0xff,
    0xff, 0xff, 0xff, 0xfe, 0xaa, 0xaa, 0xaf, 0xff,
    0xc0, 0x0, 0x0, 0x3f, 0xfc, 0x0, 0x0, 0x3,
    0xff, 0xff, 0xff, 0xff, 0xff, 0xff, 0xff, 0xff,
    0xff, 0xff, 0xea, 0xaa, 0xaa, 0xbf, 0xfc, 0x0,
    0x0, 0x3, 0xff, 0xc0, 0x0, 0x0, 0x3f, 0xff,
    0xff, 0xff, 0xff, 0xff, 0xff, 0xff, 0xff, 0xff,
    0xfe, 0xaa, 0xaa, 0xaf, 0xff, 0xc0, 0x0, 0x0,
    0x3f, 0xfc, 0x0, 0x0, 0x3, 0xff, 0xea, 0xaa,
    0xaa, 0xff, 0xff, 0xff, 0xff, 0xff, 0xff, 0xff,
    0xff, 0xff, 0xff, 0xfc, 0x0, 0x0, 0x3, 0xf0,

    /* U+826F "良" */
    0x0, 0x0, 0x4, 0x0, 0x0, 0x0, 0x0, 0xb,
    0xd0, 0x0, 0x0, 0x0, 0x0, 0x7f, 0x0, 0x0,
    0x0, 0xff, 0xff, 0xff, 0xff, 0x0, 0xf, 0xff,
    0xff, 0xff, 0xf0, 0x0, 0xfd, 0x55, 0x55, 0x7f,
    0x0, 0xf, 0xc0, 0x0, 0x3, 0xf0, 0x0, 0xff,
    0xff, 0xff, 0xff, 0x0, 0xf, 0xff, 0xff, 0xff,
    0xf0, 0x0, 0xfd, 0x55, 0x55, 0x7f, 0x0, 0xf,
    0xc0, 0x0, 0x3, 0xf0, 0x0, 0xfe, 0xaa, 0xaa,
    0xbf, 0x0, 0xf, 0xff, 0xff, 0xff, 0xf0, 0x0,
    0xff, 0xff, 0xff, 0xff, 0x0, 0xf, 0xc0, 0xfd,
    0x0, 0x30, 0x0, 0xfc, 0x7, 0xf0, 0x1f, 0xd0,
    0xf, 0xc0, 0x2f, 0xdf, 0xfc, 0x0, 0xfc, 0x0,
    0xff, 0xfd, 0x0, 0xf, 0xc0, 0x3, 0xff, 0x40,
    0x1, 0xfd, 0xbf, 0x4f, 0xff, 0x40, 0x3f, 0xff,
    0xf4, 0x1f, 0xff, 0xc7, 0xff, 0xf9, 0x0, 0x2f,
    0xf0, 0x2f, 0x90, 0x0, 0x0, 0x1a, 0x0, 0x40,
    0x0, 0x0, 0x0, 0x0,

    /* U+843D "落" */
    0x0, 0x5, 0x40, 0x1, 0x40, 0x0, 0x0, 0xf,
    0xc0, 0xb, 0xd0, 0x0, 0x3f, 0xff, 0xff, 0xff,
    0xff, 0xf4, 0x3f, 0xff, 0xff, 0xff, 0xff, 0xf4,
    0x15, 0x5f, 0xd5, 0x5f, 0xe5, 0x50, 0x0, 0xf,
    0xc1, 0x4b, 0xd0, 0x0, 0x3, 0xd0, 0x3, 0xf0,
    0x0, 0x0, 0xb, 0xfd, 0xf, 0xff, 0xff, 0x80,
    0x1, 0xfd, 0x3f, 0xff, 0xff, 0xd0, 0x0, 0x28,
    0xff, 0xd0, 0x7f, 0x80, 0x4, 0x7, 0xff, 0xf9,
    0xfe, 0x0, 0x2f, 0x43, 0xe1, 0xff, 0xf4, 0x0,
    0x3f, 0xe0, 0x41, 0xff, 0xf9, 0x0, 0xb, 0xf0,
    0x6f, 0xff, 0xff, 0xe4, 0x1, 0xc7, 0xff, 0xe0,
    0x6f, 0xfc, 0x0, 0x3, 0xfe, 0x40, 0x6, 0xf0,
    0x0, 0x34, 0xbf, 0xff, 0xff, 0x80, 0x0, 0xfc,
    0x7f, 0xff, 0xff, 0x80, 0x2, 0xfc, 0x7d, 0x0,
    0xf, 0x80, 0xb, 0xf0, 0x7d, 0x0, 0xf, 0x80,
    0x2f, 0xc0, 0x7f, 0xff, 0xff, 0x80, 0x1f, 0x40,
    0x7f, 0xff, 0xff, 0x80, 0x9, 0x0, 0x7e, 0x0,
    0x1f, 0x80, 0x0, 0x0, 0x0, 0x0, 0x0, 0x0,

    /* U+84DD "蓝" */
    0x0, 0x0, 0x0, 0x0, 0x0, 0x0, 0x0, 0xbc,
    0x0, 0x3f, 0x0, 0xb, 0xff, 0xff, 0xff, 0xff,
    0xfe, 0x2f, 0xff, 0xff, 0xff, 0xff, 0xfc, 0x6a,
    0xbf, 0xaa, 0xaf, 0xea, 0x90, 0x0, 0xbc, 0x0,
    0x3e, 0x0, 0x0, 0x0, 0xbc, 0xb, 0xc0, 0x0,
    0x3, 0xe2, 0xf0, 0x3f, 0x55, 0x50, 0xf, 0x8b,
    0xc1, 0xff, 0xff, 0xc0, 0x3e, 0x2f, 0xb, 0xff,
    0xff, 0x0, 0xf8, 0xbc, 0x7f, 0x1d, 0x0, 0x3,
    0xe2, 0xf3, 0xf4, 0xfc, 0x0, 0xf, 0x8b, 0xcf,
    0x81, 0xf8, 0x0, 0x3e, 0x2f, 0x4, 0x2, 0xf0,
    0x0, 0x0, 0x54, 0x0, 0x2, 0x0, 0x1, 0xff,
    0xff, 0xff, 0xff, 0x80, 0x7, 0xff, 0xff, 0xff,
    0xfe, 0x0, 0x1f, 0x4b, 0xc3, 0xe1, 0xf8, 0x0,
    0x7d, 0x1f, 0xf, 0x83, 0xe0, 0x1, 0xf4, 0x7c,
    0x3e, 0xf, 0x80, 0xff, 0xff, 0xff, 0xff, 0xff,
    0xf3, 0xff, 0xff, 0xff, 0xff, 0xff, 0xc5, 0x55,
    0x55, 0x55, 0x55, 0x55, 0x0,

    /* U+8840 "血" */
    0x0, 0x0, 0x0, 0x0, 0x0, 0x0, 0x0, 0x0,
    0xf, 0xd0, 0x0, 0x0, 0x0, 0x0, 0x1f, 0xc0,
    0x0, 0x0, 0x0, 0x0, 0x3f, 0x80, 0x0, 0x0,
    0x0, 0x0, 0x3f, 0x0, 0x0, 0x0, 0x2, 0xff,
    0xff, 0xff, 0xff, 0xc0, 0x3, 0xff, 0xff, 0xff,
    0xff, 0xc0, 0x3, 0xff, 0xff, 0xff, 0xff, 0xc0,
    0x3, 0xf0, 0xbc, 0x2f, 0xb, 0xc0, 0x3, 0xf0,
    0xbc, 0x2f, 0xb, 0xc0, 0x3, 0xf0, 0xbc, 0x2f,
    0xb, 0xc0, 0x3, 0xf0, 0xbc, 0x2f, 0xb, 0xc0,
    0x3, 0xf0, 0xbc, 0x2f, 0xb, 0xc0, 0x3, 0xf0,
    0xbc, 0x2f, 0xb, 0xc0, 0x3, 0xf0, 0xbc, 0x2f,
    0xb, 0xc0, 0x3, 0xf0, 0xbc, 0x2f, 0xb, 0xc0,
    0x3, 0xf0, 0xbc, 0x2f, 0xb, 0xc0, 0x3, 0xf0,
    0xbc, 0x2f, 0xb, 0xc0, 0x3, 0xf0, 0xbc, 0x2f,
    0xb, 0xc0, 0x3f, 0xff, 0xff, 0xff, 0xff, 0xfd,
    0x3f, 0xff, 0xff, 0xff, 0xff, 0xfd, 0x3f, 0xff,
    0xff, 0xff, 0xff, 0xfd, 0x0, 0x0, 0x0, 0x0,
    0x0, 0x0,

    /* U+8868 "表" */
    0x0, 0x0, 0x0, 0x0, 0x0, 0x0, 0x0, 0x0,
    0xb, 0xc0, 0x0, 0x0, 0x5, 0x55, 0x5f, 0xe5,
    0x55, 0x50, 0xf, 0xff, 0xff, 0xff, 0xff, 0xe0,
    0xf, 0xff, 0xff, 0xff, 0xff, 0xe0, 0x0, 0x0,
    0xb, 0xc0, 0x0, 0x0, 0x2, 0xff, 0xff, 0xff,
    0xff, 0x80, 0x2, 0xff, 0xff, 0xff, 0xff, 0x80,
    0x0, 0x55, 0x5f, 0xd5, 0x55, 0x0, 0x15, 0x55,
    0x5f, 0xd5, 0x55, 0x50, 0x3f, 0xff, 0xff, 0xff,
    0xff, 0xf4, 0x3f, 0xff, 0xff, 0xff, 0xff, 0xf4,
    0x0, 0x2, 0xfe, 0xf8, 0x1, 0x0, 0x0, 0x1f,
    0xf4, 0xfc, 0x7, 0xc0, 0x0, 0xbf, 0xc0, 0x7e,
    0x2f, 0xe0, 0x1f, 0xff, 0x40, 0x3f, 0xff, 0x40,
    0x7f, 0xff, 0x40, 0x1f, 0xf8, 0x0, 0x2f, 0x6f,
    0x40, 0xb, 0xf4, 0x0, 0x0, 0x2f, 0x46, 0xe3,
    0xfe, 0x0, 0x0, 0x3f, 0xff, 0xf0, 0xff, 0xe0,
    0x0, 0xbf, 0xff, 0xd0, 0x2f, 0xfc, 0x0, 0x7f,
    0xe4, 0x0, 0x2, 0xf0, 0x0, 0x39, 0x0, 0x0,
    0x0, 0x10, 0x0, 0x0, 0x0, 0x0, 0x0, 0x0,

    /* U+89E3 "解" */
    0x0, 0x40, 0x0, 0x0, 0x0, 0x0, 0x0, 0xf8,
    0x0, 0x0, 0x0, 0x0, 0x1, 0xf4, 0x0, 0xbf,
    0xff, 0xfc, 0x3, 0xff, 0xf8, 0xbf, 0xff, 0xfc,
    0x3, 0xff, 0xfc, 0x7, 0xe0, 0xf8, 0xb, 0xc1,
    0xf4, 0x7, 0xd0, 0xf8, 0xf, 0xc2, 0xf0, 0xf,
    0xc0, 0xf8, 0x3f, 0xff, 0xff, 0x2f, 0x46, 0xf4,
    0x3f, 0xff, 0xff, 0xfe, 0xf, 0xf0, 0xb, 0xcf,
    0x1f, 0x74, 0xf, 0x90, 0x7, 0xcf, 0x2f, 0x2e,
    0x3f, 0x0, 0x7, 0xff, 0xff, 0x2e, 0x3f, 0x0,
    0x7, 0xff, 0xff, 0x3f, 0xff, 0xfc, 0x7, 0xcf,
    0x1f, 0x7f, 0xff, 0xfc, 0xb, 0xcf, 0x1f, 0xfd,
    0x7f, 0x54, 0xb, 0xef, 0xbf, 0xb0, 0x3f, 0x0,
    0xb, 0xff, 0xff, 0x15, 0x7f, 0x54, 0xb, 0xef,
    0xbf, 0x7f, 0xff, 0xfd, 0xf, 0x4f, 0x1f, 0x7f,
    0xff, 0xfd, 0xf, 0xf, 0x1f, 0x0, 0x3f, 0x0,
    0x2f, 0xf, 0x6f, 0x0, 0x3f, 0x0, 0x3e, 0xa,
    0xfe, 0x0, 0x3f, 0x0, 0x1c, 0x0, 0x7c, 0x0,
    0x3f, 0x0, 0x0, 0x0, 0x0, 0x0, 0x0, 0x0,

    /* U+8BA4 "认" */
    0x0, 0x0, 0x0, 0x1, 0x40, 0x0, 0x0, 0xd0,
    0x0, 0xf, 0xc0, 0x0, 0x3, 0xf4, 0x0, 0xf,
    0xc0, 0x0, 0x2, 0xfd, 0x0, 0xf, 0xc0, 0x0,
    0x0, 0xbf, 0x0, 0xf, 0xc0, 0x0, 0x0, 0x1d,
    0x0, 0xf, 0xc0, 0x0, 0x0, 0x0, 0x0, 0xf,
    0xc0, 0x0, 0x0, 0x0, 0x0, 0xf, 0xc0, 0x0,
    0x7f, 0xfc, 0x0, 0xf, 0xc0, 0x0, 0x7f, 0xfc,
    0x0, 0xf, 0xc0, 0x0, 0x3f, 0xfc, 0x0, 0x1f,
    0xd0, 0x0, 0x0, 0xbc, 0x0, 0x1f, 0xe0, 0x0,
    0x0, 0xbc, 0x0, 0x2f, 0xf0, 0x0, 0x0, 0xbc,
    0x0, 0x3f, 0xf0, 0x0, 0x0, 0xbc, 0x0, 0x3f,
    0xf8, 0x0, 0x0, 0xbc, 0x0, 0xbe, 0xfc, 0x0,
    0x0, 0xbc, 0x90, 0xfc, 0xbd, 0x0, 0x0, 0xbf,
    0xf2, 0xfc, 0x3f, 0x0, 0x0, 0xff, 0xe3, 0xf4,
    0x2f, 0x80, 0x0, 0xff, 0x4f, 0xf0, 0xf, 0xe0,
    0x3, 0xfc, 0x3f, 0xc0, 0x7, 0xf8, 0x1, 0xe0,
    0x3f, 0x40, 0x2, 0xf8, 0x0, 0x40, 0xc, 0x0,
    0x0, 0x60, 0x0, 0x0, 0x0, 0x0, 0x0, 0x0,

    /* U+8BB0 "记" */
    0x0, 0x0, 0x0, 0x0, 0x0, 0x0, 0x1, 0x80,
    0x0, 0x0, 0x0, 0x0, 0x7, 0xf0, 0xf, 0xff,
    0xff, 0xe0, 0x3, 0xfc, 0xf, 0xff, 0xff, 0xf0,
    0x0, 0xff, 0xf, 0xff, 0xff, 0xf0, 0x0, 0x3e,
    0x0, 0x0, 0x3, 0xf0, 0x0, 0x8, 0x0, 0x0,
    0x3, 0xf0, 0x0, 0x0, 0x0, 0x0, 0x3, 0xf0,
    0x7f, 0xfc, 0x0, 0x0, 0x3, 0xf0, 0x7f, 0xfc,
    0x0, 0x0, 0x3, 0xf0, 0x3f, 0xfc, 0xf, 0xff,
    0xff, 0xf0, 0x0, 0xfc, 0xf, 0xff, 0xff, 0xf0,
    0x0, 0xfc, 0xf, 0xea, 0xab, 0xf0, 0x0, 0xfc,
    0xf, 0xc0, 0x3, 0xe0, 0x0, 0xfc, 0xf, 0xc0,
    0x0, 0x0, 0x0, 0xfc, 0xf, 0xc0, 0x0, 0x0,
    0x0, 0xfc, 0x4f, 0xc0, 0x0, 0x40, 0x0, 0xfe,
    0xdf, 0xc0, 0x0, 0xb8, 0x0, 0xff, 0xef, 0xc0,
    0x0, 0xbc, 0x0, 0xff, 0xcf, 0xc0, 0x0, 0xfc,
    0x2, 0xfe, 0xb, 0xff, 0xff, 0xf8, 0x2, 0xf4,
    0x7, 0xff, 0xff, 0xf4, 0x0, 0xc0, 0x1, 0xff,
    0xff, 0xd0, 0x0, 0x0, 0x0, 0x0, 0x0, 0x0,

    /* U+8BBE "设" */
    0x0, 0x0, 0x0, 0x0, 0x0, 0x0, 0xc, 0x0,
    0x1a, 0xaa, 0xa0, 0x0, 0xfd, 0x0, 0xbf, 0xff,
    0xc0, 0x2, 0xfd, 0x2, 0xff, 0xff, 0x0, 0x1,
    0xfc, 0xb, 0xc0, 0xbc, 0x0, 0x2, 0xd0, 0x3f,
    0x2, 0xf0, 0x0, 0x1, 0x0, 0xf8, 0xb, 0xc0,
    0x0, 0x0, 0xf, 0xd0, 0x2f, 0x94, 0xff, 0xe2,
    0xfe, 0x0, 0x7f, 0xf3, 0xff, 0x83, 0xe0, 0x0,
    0xbf, 0xcb, 0xfe, 0x5, 0x0, 0x0, 0x0, 0x0,
    0xf8, 0x2f, 0xff, 0xff, 0xe0, 0x3, 0xe0, 0xbf,
    0xff, 0xff, 0xc0, 0xf, 0x81, 0xfe, 0xaa, 0xfe,
    0x0, 0x3e, 0x2, 0xf0, 0x3, 0xf0, 0x0, 0xf8,
    0x43, 0xf0, 0x2f, 0x80, 0x3, 0xeb, 0x7, 0xf2,
    0xfc, 0x0, 0xf, 0xfe, 0xb, 0xff, 0xc0, 0x0,
    0x3f, 0xf0, 0xf, 0xfd, 0x0, 0x2, 0xfe, 0x1,
    0xff, 0xfe, 0x0, 0xf, 0xe2, 0xff, 0xfb, 0xff,
    0xe0, 0x2d, 0xf, 0xfe, 0x2, 0xff, 0xc0, 0x10,
    0x1e, 0x40, 0x0, 0x6d, 0x0, 0x0, 0x0, 0x0,
    0x0, 0x0,

    /* U+8BCA "诊" */
    0x0, 0x0, 0x0, 0x1, 0x0, 0x0, 0x0, 0x34,
    0x0, 0x1, 0xf4, 0x0, 0x0, 0x3f, 0x80, 0x0,
    0xfe, 0x0, 0x0, 0x7, 0xf8, 0x0, 0xff, 0xd0,
    0x0, 0x0, 0x7f, 0x40, 0xbf, 0xfd, 0x0, 0x0,
    0x3, 0x40, 0xbf, 0xf, 0xe0, 0x0, 0x0, 0x0,
    0xff, 0x0, 0xff, 0x40, 0x0, 0x1, 0xff, 0x4,
    0xf, 0xf8, 0x3f, 0xfc, 0xff, 0x7, 0xe0, 0xbc,
    0xf, 0xff, 0xd, 0xb, 0xe0, 0x9, 0x3, 0xff,
    0xc0, 0x1f, 0xe0, 0x40, 0x0, 0x3, 0xf0, 0x1f,
    0xe0, 0xfc, 0x0, 0x0, 0xfc, 0x2, 0xc0, 0xfd,
    0x0, 0x0, 0x3f, 0x0, 0x1, 0xfe, 0x0, 0x0,
    0xf, 0xc0, 0x2, 0xfd, 0x1e, 0x0, 0x3, 0xf0,
    0xb, 0xfd, 0xf, 0xc0, 0x0, 0xfc, 0xa7, 0xf8,
    0xf, 0xd0, 0x0, 0x3f, 0xfc, 0xb4, 0x1f, 0xe0,
    0x0, 0xf, 0xfe, 0x0, 0x2f, 0xe0, 0x0, 0x7,
    0xfd, 0x1, 0xff, 0xe0, 0x0, 0x3, 0xfc, 0x1b,
    0xff, 0xc0, 0x0, 0x0, 0xb8, 0x3, 0xff, 0x40,
    0x0, 0x0, 0x4, 0x0, 0xb8, 0x0, 0x0, 0x0,
    0x0, 0x0, 0x0, 0x0, 0x0, 0x0,

    /* U+8BD5 "试" */
    0x0, 0x0, 0x0, 0x0, 0x0, 0x0, 0x18, 0x0,
    0x0, 0x1f, 0x9c, 0x1, 0xfc, 0x0, 0x0, 0x7e,
    0xfc, 0x2, 0xfc, 0x0, 0x1, 0xf8, 0xf8, 0x2,
    0xf8, 0x0, 0x3, 0xe2, 0xd0, 0x3, 0xcb, 0xff,
    0xff, 0xff, 0xc0, 0x0, 0x2f, 0xff, 0xff, 0xff,
    0x0, 0x0, 0xbf, 0xff, 0xff, 0xfc, 0xff, 0xe0,
    0x0, 0x3, 0xf0, 0x3, 0xff, 0x80, 0x0, 0xf,
    0xc0, 0xf, 0xfe, 0x0, 0x0, 0x3f, 0x0, 0x0,
    0xf8, 0x3f, 0xfd, 0xfc, 0x0, 0x3, 0xe0, 0xff,
    0xf7, 0xf0, 0x0, 0xf, 0x82, 0xbf, 0x9b, 0xc0,
    0x0, 0x3e, 0x0, 0xf8, 0x2f, 0x0, 0x0, 0xf8,
    0x3, 0xe0, 0x7d, 0x0, 0x3, 0xe0, 0xf, 0x81,
    0xf8, 0x80, 0xf, 0xec, 0x3e, 0x63, 0xe3, 0xc0,
    0x3f, 0xf5, 0xff, 0xcf, 0xdf, 0x2, 0xff, 0xbf,
    0xff, 0x6f, 0xfc, 0xf, 0xf4, 0xff, 0x90, 0x7f,
    0xe0, 0x2e, 0x2, 0x40, 0x0, 0xff, 0x40, 0x10,
    0x0, 0x0, 0x0, 0xb8, 0x0, 0x0, 0x0, 0x0,
    0x0, 0x0,

    /* U+8BF7 "请" */
    0x0, 0x0, 0x0, 0x6, 0x80, 0x0, 0x3, 0x80,
    0x0, 0xf, 0xc0, 0x0, 0xb, 0xf0, 0x3f, 0xff,
    0xff, 0xf4, 0x3, 0xfc, 0x3f, 0xff, 0xff, 0xf4,
    0x0, 0xfd, 0x0, 0xf, 0xc0, 0x0, 0x0, 0x38,
    0x1f, 0xff, 0xff, 0xe0, 0x0, 0x0, 0x1f, 0xff,
    0xff, 0xe0, 0x0, 0x0, 0x0, 0xf, 0xc0, 0x0,
    0x3f, 0xf8, 0xbf, 0xff, 0xff, 0xfc, 0x3f, 0xf8,
    0xbf, 0xff, 0xff, 0xfc, 0x3f, 0xf8, 0x15, 0x55,
    0x55, 0x54, 0x0, 0xf8, 0xf, 0xff, 0xff, 0xd0,
    0x0, 0xf8, 0xf, 0xff, 0xff, 0xe0, 0x0, 0xf8,
    0xf, 0x80, 0x7, 0xe0, 0x0, 0xf8, 0xf, 0xea,
    0xaf, 0xe0, 0x0, 0xf8, 0xf, 0xff, 0xff, 0xe0,
    0x0, 0xf9, 0xcf, 0x80, 0x7, 0xe0, 0x0, 0xff,
    0xcf, 0x80, 0x3, 0xe0, 0x0, 0xff, 0xdf, 0xff,
    0xff, 0xe0, 0x2, 0xff, 0xf, 0xff, 0xff, 0xe0,
    0x3, 0xf8, 0xf, 0x80, 0x5b, 0xd0, 0x2, 0xd0,
    0xf, 0x80, 0xff, 0xd0, 0x0, 0x40, 0xf, 0x80,
    0x7f, 0x40,

    /* U+8C03 "调" */
    0x0, 0x0, 0x0, 0x0, 0x0, 0x0, 0xa0, 0x6,
    0xaa, 0xaa, 0xa9, 0x2f, 0x80, 0xff, 0xff, 0xff,
    0xe0, 0xfe, 0xf, 0xff, 0xff, 0xfe, 0x3, 0xf8,
    0xf8, 0x5, 0x3, 0xe0, 0xf, 0xf, 0x81, 0xf0,
    0x3e, 0x0, 0x0, 0xf8, 0xff, 0xf3, 0xe0, 0x0,
    0xf, 0x8f, 0xff, 0x3e, 0xff, 0xe0, 0xf8, 0x1f,
    0x3, 0xef, 0xfe, 0xf, 0x81, 0xf0, 0x3e, 0xff,
    0xe0, 0xfa, 0xff, 0xf7, 0xe0, 0x3e, 0xf, 0xaf,
    0xff, 0x7e, 0x3, 0xe0, 0xf8, 0x0, 0x3, 0xe0,
    0x3e, 0xf, 0xaf, 0xff, 0x3e, 0x3, 0xe0, 0xf6,
    0xff, 0xf3, 0xe0, 0x3e, 0xf, 0x6e, 0xf, 0x3e,
    0x3, 0xfe, 0xf2, 0xe0, 0xf3, 0xe0, 0x3f, 0xff,
    0x2f, 0xff, 0x3e, 0x3, 0xff, 0xf2, 0xff, 0xf3,
    0xe0, 0xbf, 0xbe, 0x2e, 0x0, 0x3e, 0x1f, 0xdb,
    0xc0, 0x0, 0x6b, 0xe0, 0xf4, 0xf8, 0x0, 0x7,
    0xfd, 0x0, 0x2, 0x0, 0x0, 0x3f, 0x40, 0x0,
    0x0, 0x0, 0x0, 0x0,

    /* U+8D25 "败" */
    0x0, 0x0, 0x0, 0x0, 0x0, 0x0, 0x0, 0x0,
    0x0, 0x7, 0x80, 0x0, 0xf, 0xff, 0xfc, 0xb,
    0xc0, 0x0, 0xf, 0xff, 0xfc, 0xf, 0xc0, 0x0,
    0xf, 0x55, 0x7c, 0xf, 0x80, 0x0, 0xf, 0x14,
    0x3c, 0x2f, 0xff, 0xfc, 0xf, 0x3e, 0x3c, 0x3f,
    0xff, 0xfc, 0xf, 0x3e, 0x3c, 0x7e, 0x57, 0xf4,
    0xf, 0x3e, 0x3d, 0xfc, 0x3, 0xd0, 0xf, 0x3e,
    0x3e, 0xfc, 0x3, 0xd0, 0xf, 0x3e, 0x3f, 0xfd,
    0x7, 0xc0, 0xf, 0x3e, 0x3d, 0xfe, 0xb, 0xc0,
    0xf, 0x3e, 0x3c, 0x6f, 0xf, 0x80, 0xf, 0x3d,
    0x3c, 0xf, 0x8f, 0x40, 0xf, 0x3d, 0x3c, 0xb,
    0xef, 0x0, 0xf, 0x7d, 0x3c, 0x3, 0xfe, 0x0,
    0xa, 0xbc, 0x14, 0x2, 0xfc, 0x0, 0x0, 0xfd,
    0xc0, 0x1, 0xfc, 0x0, 0x1, 0xf7, 0xf0, 0x3,
    0xff, 0x0, 0x3, 0xf1, 0xf8, 0xf, 0xff, 0xc0,
    0xf, 0xc0, 0xbd, 0xbf, 0x8b, 0xf8, 0x3f, 0x40,
    0x3d, 0xfe, 0x2, 0xfc, 0xd, 0x0, 0x10, 0x34,
    0x0, 0x70, 0x0, 0x0, 0x0, 0x0, 0x0, 0x0,

    /* U+8D28 "质" */
    0x0, 0x0, 0x0, 0x0, 0x5, 0x0, 0x0, 0x0,
    0x15, 0xab, 0xff, 0x80, 0x3, 0xff, 0xff, 0xff,
    0xff, 0xd0, 0x3, 0xff, 0xff, 0xff, 0x94, 0x0,
    0x3, 0xf5, 0x50, 0x7e, 0x0, 0x0, 0x3, 0xf5,
    0x55, 0xbf, 0x55, 0x54, 0x3, 0xff, 0xff, 0xff,
    0xff, 0xfc, 0x3, 0xff, 0xff, 0xff, 0xff, 0xfc,
    0x3, 0xf0, 0x0, 0xbd, 0x0, 0x0, 0x3, 0xf0,
    0x0, 0xbc, 0x0, 0x0, 0x3, 0xf3, 0xff, 0xff,
    0xff, 0xf0, 0x3, 0xf3, 0xff, 0xff, 0xff, 0xf0,
    0x3, 0xe3, 0xfa, 0xaa, 0xab, 0xf0, 0x3, 0xe3,
    0xf0, 0x2a, 0x3, 0xf0, 0x7, 0xe3, 0xf0, 0x3f,
    0x3, 0xf0, 0x7, 0xd3, 0xf0, 0x3f, 0x3, 0xf0,
    0xb, 0xc3, 0xf0, 0x7e, 0x3, 0xf0, 0xf, 0xc3,
    0xf0, 0xfd, 0x3, 0xf0, 0xf, 0xc1, 0x52, 0xfc,
    0x42, 0x90, 0x2f, 0x80, 0x1f, 0xf7, 0xfd, 0x0,
    0x3f, 0x6, 0xff, 0xc1, 0xff, 0xe0, 0x3e, 0x1f,
    0xfd, 0x0, 0x1f, 0xfc, 0x9, 0xb, 0x90, 0x0,
    0x0, 0xb0, 0x0, 0x0, 0x0, 0x0, 0x0, 0x0,

    /* U+8D85 "超" */
    0x0, 0x15, 0x0, 0x0, 0x0, 0x0, 0x0, 0x3f,
    0x0, 0xaa, 0xaa, 0xa4, 0x0, 0x3f, 0x0, 0xff,
    0xff, 0xf8, 0x1f, 0xff, 0xfd, 0xff, 0xff, 0xf4,
    0x1f, 0xff, 0xfc, 0xf, 0xc1, 0xf4, 0xa, 0xbf,
    0xa8, 0xf, 0x81, 0xf4, 0x0, 0x3f, 0x0, 0x2f,
    0x42, 0xf0, 0x0, 0x3f, 0x0, 0x7f, 0x2b, 0xf0,
    0x3f, 0xff, 0xff, 0xfc, 0x3f, 0xf0, 0x3f, 0xff,
    0xfe, 0xf4, 0x2f, 0x80, 0x15, 0x6f, 0x54, 0x15,
    0x55, 0x50, 0x5, 0x1f, 0x0, 0x7f, 0xff, 0xf0,
    0xf, 0x5f, 0x0, 0x7f, 0xff, 0xf0, 0x1f, 0x5f,
    0xfd, 0x7d, 0x3, 0xf0, 0x1f, 0x5f, 0xfd, 0x7c,
    0x3, 0xf0, 0x1f, 0x5f, 0x54, 0x7c, 0x3, 0xf0,
    0x1f, 0xdf, 0x0, 0x7f, 0xff, 0xf0, 0x1f, 0xff,
    0x0, 0x7f, 0xff, 0xf0, 0x2f, 0xff, 0x0, 0x15,
    0x55, 0x50, 0x3f, 0xff, 0x90, 0x0, 0x0, 0x0,
    0x3e, 0x3f, 0xff, 0xff, 0xff, 0xfc, 0x7d, 0xb,
    0xff, 0xff, 0xff, 0xfc, 0x2c, 0x0, 0x6a, 0xaa,
    0xaa, 0xa4, 0x0, 0x0, 0x0, 0x0, 0x0, 0x0,

    /* U+8D8B "趋" */
    0x0, 0x15, 0x0, 0x0, 0x0, 0x0, 0x0, 0x2f,
    0x0, 0x1f, 0x40, 0x0, 0x0, 0x2f, 0x0, 0x3f,
    0x55, 0x40, 0xa, 0xbf, 0xa4, 0x3f, 0xff, 0xf0,
    0xf, 0xff, 0xfc, 0xff, 0xff, 0xd0, 0xf, 0xff,
    0xfe, 0xf8, 0xf, 0xc0, 0x0, 0x2f, 0x7, 0xf0,
    0x1f, 0x80, 0x0, 0x2f, 0x7, 0xf5, 0x7f, 0x90,
    0x3f, 0xff, 0xfe, 0xff, 0xff, 0xf0, 0x3f, 0xff,
    0xfd, 0xbf, 0xff, 0xf0, 0x2a, 0xbf, 0xe9, 0x0,
    0x3, 0xf0, 0x0, 0x1f, 0x40, 0x15, 0x57, 0xf0,
    0xf, 0x9f, 0x40, 0x7f, 0xff, 0xf0, 0xf, 0x9f,
    0xfc, 0x7f, 0xff, 0xf0, 0xf, 0x9f, 0xfd, 0x0,
    0x3, 0xf0, 0xf, 0x9f, 0xfc, 0x0, 0x3, 0xf0,
    0xf, 0xdf, 0x40, 0xff, 0xff, 0xf0, 0x1f, 0xff,
    0x40, 0xff, 0xff, 0xf0, 0x1f, 0xff, 0x40, 0x55,
    0x55, 0x50, 0x2f, 0x7f, 0xd0, 0x0, 0x0, 0x0,
    0x3e, 0x2f, 0xff, 0xff, 0xff, 0xfc, 0x7d, 0x2,
    0xff, 0xff, 0xff, 0xfc, 0x2c, 0x0, 0x16, 0xaa,
    0xaa, 0xa4, 0x0, 0x0, 0x0, 0x0, 0x0, 0x0,

    /* U+8DB3 "足" */
    0x0, 0x0, 0x0, 0x0, 0x0, 0x0, 0x0, 0xff,
    0xff, 0xff, 0xff, 0xc0, 0x0, 0xff, 0xff, 0xff,
    0xff, 0xc0, 0x0, 0xfe, 0xaa, 0xaa, 0xaf, 0xc0,
    0x0, 0xfc, 0x0, 0x0, 0xf, 0xc0, 0x0, 0xfc,
    0x0, 0x0, 0xf, 0xc0, 0x0, 0xfc, 0x0, 0x0,
    0xf, 0xc0, 0x0, 0xff, 0xff, 0xff, 0xff, 0xc0,
    0x0, 0xff, 0xff, 0xff, 0xff, 0xc0, 0x0, 0xaa,
    0xab, 0xfa, 0xaa, 0x80, 0x0, 0x0, 0x3, 0xf0,
    0x0, 0x0, 0x0, 0x3e, 0x3, 0xf0, 0x0, 0x0,
    0x0, 0x7f, 0x3, 0xfa, 0xaa, 0x90, 0x0, 0x7e,
    0x3, 0xff, 0xff, 0xe0, 0x0, 0xbe, 0x3, 0xff,
    0xff, 0xe0, 0x0, 0xff, 0x3, 0xf0, 0x0, 0x0,
    0x1, 0xff, 0xc3, 0xf0, 0x0, 0x0, 0x3, 0xff,
    0xf7, 0xf0, 0x0, 0x0, 0xb, 0xe3, 0xff, 0xf0,
    0x0, 0x0, 0x1f, 0xc0, 0xbf, 0xff, 0xfe, 0xfd,
    0x2f, 0x40, 0x1f, 0xff, 0xff, 0xfc, 0xa, 0x0,
    0x0, 0x6f, 0xff, 0xf8, 0x0, 0x0, 0x0, 0x0,
    0x0, 0x0,

    /* U+8EAB "身" */
    0x0, 0x0, 0x5, 0x0, 0x0, 0x0, 0x0, 0x0,
    0xbe, 0x0, 0x0, 0x0, 0x0, 0x3, 0xf4, 0x0,
    0x0, 0x0, 0x3f, 0xff, 0xff, 0xfc, 0x0, 0x0,
    0xff, 0xff, 0xff, 0xf0, 0x0, 0x3, 0xf5, 0x55,
    0x5f, 0xc0, 0x0, 0xf, 0xc0, 0x0, 0x2f, 0x0,
    0x0, 0x3f, 0xff, 0xff, 0xfc, 0x0, 0x0, 0xff,
    0xff, 0xff, 0xf1, 0x40, 0x3, 0xf0, 0x0, 0xb,
    0xdf, 0xc0, 0xf, 0xff, 0xff, 0xff, 0xfd, 0x0,
    0x3f, 0xff, 0xff, 0xff, 0xe0, 0x0, 0xfc, 0x0,
    0x2, 0xfe, 0x0, 0x3, 0xf0, 0x0, 0xf, 0xf0,
    0x3, 0xff, 0xff, 0xff, 0xff, 0x0, 0xf, 0xff,
    0xff, 0xff, 0xfc, 0x0, 0x15, 0x55, 0x5b, 0xff,
    0xf0, 0x0, 0x0, 0x0, 0xbf, 0xdb, 0xc0, 0x0,
    0x0, 0x2f, 0xf8, 0x2f, 0x0, 0x0, 0x1f, 0xfe,
    0x0, 0xbc, 0x0, 0x1f, 0xff, 0xd2, 0xff, 0xf0,
    0x1, 0xff, 0xe0, 0xb, 0xff, 0x80, 0x2, 0xf4,
    0x0, 0xf, 0xf8, 0x0, 0x0, 0x0, 0x0, 0x0,
    0x0, 0x0,

    /* U+8F83 "较" */
    0x0, 0x0, 0x0, 0x0, 0x40, 0x0, 0x0, 0xfc,
    0x0, 0x7, 0xe0, 0x0, 0x0, 0xf8, 0x0, 0x3,
    0xf0, 0x0, 0x2a, 0xfe, 0xa0, 0x2, 0xf4, 0x0,
    0x3f, 0xff, 0xf7, 0xff, 0xff, 0xfc, 0x3f, 0xff,
    0xf7, 0xff, 0xff, 0xfc, 0x3, 0xe0, 0x2, 0xba,
    0xaa, 0xe8, 0x7, 0xef, 0x0, 0x3e, 0x7, 0xc0,
    0xb, 0xdf, 0x0, 0xfc, 0x3, 0xe0, 0xf, 0x9f,
    0x1, 0xf8, 0x2, 0xf4, 0x2f, 0xaf, 0xa7, 0xf0,
    0x0, 0xfc, 0x3f, 0xff, 0xfb, 0xfc, 0xa, 0xfd,
    0x2f, 0xff, 0xf2, 0xfd, 0xf, 0xb4, 0x0, 0x1f,
    0x0, 0x3f, 0x2f, 0x40, 0x0, 0x1f, 0x0, 0x1f,
    0xbf, 0x0, 0x0, 0x1f, 0xa0, 0xf, 0xfd, 0x0,
    0x2b, 0xff, 0xf4, 0x7, 0xfc, 0x0, 0x3f, 0xff,
    0xf4, 0x7, 0xfc, 0x0, 0x3f, 0xff, 0x40, 0x1f,
    0xff, 0x0, 0x0, 0x1f, 0x0, 0xbf, 0xff, 0xd0,
    0x0, 0x1f, 0x7, 0xfe, 0x1f, 0xfc, 0x0, 0x1f,
    0xf, 0xf4, 0x3, 0xf8, 0x0, 0x1f, 0x3, 0x80,
    0x0, 0x60, 0x0, 0x0, 0x0, 0x0, 0x0, 0x0,

    /* U+8F93 "输" */
    0x1, 0x50, 0x0, 0x1, 0x40, 0x0, 0x2, 0xf0,
    0x0, 0x7, 0xf0, 0x0, 0x3, 0xf0, 0x0, 0x1f,
    0xf4, 0x0, 0x3f, 0xff, 0xc0, 0xbf, 0xfd, 0x0,
    0x3f, 0xff, 0xc7, 0xfc, 0x3f, 0xc0, 0x2f, 0xea,
    0xff, 0xf0, 0xf, 0xf8, 0x7, 0xc0, 0x7f, 0xff,
    0xff, 0xfc, 0xb, 0xa8, 0x2f, 0xff, 0xff, 0xf4,
    0xf, 0x7d, 0x1, 0x55, 0x55, 0x0, 0xf, 0x3d,
    0x0, 0x0, 0x0, 0x54, 0x2f, 0x7e, 0x5f, 0xff,
    0xad, 0xb8, 0x3f, 0xff, 0xdf, 0xff, 0xad, 0xb8,
    0x3f, 0xff, 0xdf, 0xb, 0xad, 0xb8, 0x0, 0x3d,
    0x1f, 0xff, 0xad, 0xb8, 0x0, 0x3d, 0x1f, 0xff,
    0xad, 0xb8, 0x0, 0x7f, 0xdf, 0xb, 0xad, 0xb8,
    0x2f, 0xff, 0xdf, 0xaf, 0xad, 0xb8, 0x3f, 0xff,
    0x5f, 0xff, 0xad, 0xb8, 0x2e, 0x7d, 0x1f, 0x5f,
    0xad, 0xb8, 0x0, 0x3d, 0x1f, 0xb, 0x80, 0xb8,
    0x0, 0x3d, 0x1f, 0xf, 0x80, 0xb8, 0x0, 0x3d,
    0x1f, 0x7f, 0x4f, 0xf4, 0x0, 0x3d, 0x1f, 0x3f,
    0xf, 0xe0, 0x0, 0x0, 0x0, 0x0, 0x0, 0x0,

    /* U+8FBE "达" */
    0x0, 0x0, 0x0, 0x5, 0x0, 0x0, 0x3, 0x40,
    0x0, 0x1f, 0x80, 0x0, 0xf, 0xc0, 0x0, 0x1f,
    0x80, 0x0, 0xb, 0xf0, 0x0, 0x1f, 0x80, 0x0,
    0x3, 0xf4, 0x0, 0x1f, 0x80, 0x0, 0x1, 0xfc,
    0xff, 0xff, 0xff, 0xfc, 0x0, 0xd0, 0xff, 0xff,
    0xff, 0xfc, 0x0, 0x0, 0xff, 0xff, 0xff, 0xf8,
    0x0, 0x0, 0x0, 0x3f, 0x0, 0x0, 0x2a, 0xa8,
    0x0, 0x3f, 0x0, 0x0, 0x3f, 0xfc, 0x0, 0x7f,
    0xc0, 0x0, 0x3f, 0xfc, 0x0, 0xbf, 0xf4, 0x0,
    0x0, 0xfc, 0x0, 0xfe, 0xfd, 0x0, 0x0, 0xfc,
    0x3, 0xf8, 0xbf, 0x40, 0x0, 0xfc, 0xb, 0xf0,
    0x2f, 0xc0, 0x0, 0xfc, 0x3f, 0xd0, 0xf, 0xf0,
    0x0, 0xfc, 0xff, 0x80, 0x3, 0xf8, 0x0, 0xfc,
    0x7d, 0x0, 0x0, 0xf4, 0x7, 0xfe, 0x20, 0x0,
    0x0, 0x40, 0x2f, 0xff, 0xe4, 0x0, 0x0, 0x59,
    0x3f, 0x4b, 0xff, 0xff, 0xff, 0xfc, 0x1e, 0x0,
    0xbf, 0xff, 0xff, 0xfc, 0x8, 0x0, 0x6, 0xaa,
    0xaa, 0xa4, 0x0, 0x0, 0x0, 0x0, 0x0, 0x0,

    /* U+8FC7 "过" */
    0x0, 0x0, 0x0, 0x0, 0x0, 0x0, 0x1, 0x0,
    0x0, 0x0, 0x3f, 0x0, 0xb, 0x80, 0x0, 0x0,
    0x3f, 0x0, 0xf, 0xe0, 0x0, 0x0, 0x3f, 0x0,
    0x3, 0xf8, 0x0, 0x0, 0x3f, 0x0, 0x1, 0xfc,
    0xff, 0xff, 0xff, 0xfc, 0x0, 0xb0, 0xff, 0xff,
    0xff, 0xfc, 0x0, 0x0, 0xaa, 0xaa, 0xbf, 0xa8,
    0x0, 0x0, 0x5, 0x0, 0x3f, 0x0, 0x2a, 0xa4,
    0x3f, 0x0, 0x3f, 0x0, 0x3f, 0xf8, 0x2f, 0xc0,
    0x3f, 0x0, 0x3f, 0xf8, 0xf, 0xe0, 0x3f, 0x0,
    0x0, 0xf8, 0x3, 0xf0, 0x3f, 0x0, 0x0, 0xf8,
    0x2, 0xe0, 0x3f, 0x0, 0x0, 0xf8, 0x0, 0x40,
    0x3f, 0x0, 0x0, 0xf8, 0x0, 0x0, 0x3f, 0x0,
    0x0, 0xf8, 0x0, 0x3f, 0xff, 0x0, 0x0, 0xfc,
    0x0, 0x2f, 0xfd, 0x0, 0xb, 0xfe, 0x0, 0x1f,
    0xa4, 0x0, 0x3f, 0xff, 0xe5, 0x0, 0x1, 0x59,
    0x3f, 0x4b, 0xff, 0xff, 0xff, 0xfc, 0x1e, 0x0,
    0xbf, 0xff, 0xff, 0xfc, 0x8, 0x0, 0x6, 0xaf,
    0xaa, 0xa4, 0x0, 0x0, 0x0, 0x0, 0x0, 0x0,

    /* U+8FD4 "返" */
    0x0, 0x0, 0x0, 0x0, 0x0, 0x0, 0x2, 0x0,
    0x0, 0x1, 0x6b, 0xe0, 0xf, 0xc0, 0x2f, 0xff,
    0xff, 0xf8, 0xf, 0xf0, 0x3f, 0xff, 0xff, 0x94,
    0x3, 0xfc, 0x3f, 0xa5, 0x40, 0x0, 0x0, 0xf8,
    0x3f, 0x0, 0x0, 0x0, 0x0, 0x40, 0x3f, 0xaa,
    0xaa, 0x90, 0x0, 0x0, 0x3f, 0xff, 0xff, 0xf0,
    0x0, 0x0, 0x3f, 0xff, 0xff, 0xe0, 0x2f, 0xf8,
    0x3f, 0x0, 0xb, 0xd0, 0x3f, 0xfc, 0x3f, 0x3c,
    0xf, 0xc0, 0x3f, 0xfc, 0x3f, 0xff, 0x2f, 0x80,
    0x0, 0xfc, 0x3e, 0x3f, 0xff, 0x0, 0x0, 0xfc,
    0x7e, 0xb, 0xfe, 0x0, 0x0, 0xfc, 0xbd, 0x3,
    0xfe, 0x0, 0x0, 0xfc, 0xfc, 0x1f, 0xff, 0x80,
    0x0, 0xfe, 0xf9, 0xff, 0xef, 0xe0, 0x0, 0xff,
    0xf2, 0xfe, 0x7, 0xf0, 0x2, 0xfc, 0x60, 0xf4,
    0x2, 0xc0, 0x1f, 0xff, 0x90, 0x0, 0x0, 0x0,
    0x3f, 0x9f, 0xff, 0xfa, 0xbf, 0xfd, 0x2e, 0x2,
    0xff, 0xff, 0xff, 0xfc, 0xc, 0x0, 0x1b, 0xff,
    0xff, 0xf8, 0x0, 0x0, 0x0, 0x0, 0x0, 0x0,

    /* U+8FDE "连" */
    0x0, 0x0, 0x0, 0x50, 0x0, 0x0, 0x7, 0xc0,
    0x0, 0xfc, 0x0, 0x0, 0xb, 0xf0, 0x2, 0xfc,
    0x0, 0x0, 0x3, 0xf8, 0xff, 0xff, 0xff, 0xf8,
    0x0, 0xfc, 0xff, 0xff, 0xff, 0xf8, 0x0, 0xb4,
    0xb, 0xe0, 0x0, 0x0, 0x0, 0x0, 0xf, 0xc3,
    0xf0, 0x0, 0x0, 0x0, 0x2f, 0x83, 0xf0, 0x0,
    0x2a, 0xa4, 0x7f, 0xab, 0xfa, 0xa0, 0x3f, 0xf8,
    0x7f, 0xff, 0xff, 0xf0, 0x3f, 0xf8, 0x3f, 0xff,
    0xff, 0xf0, 0x0, 0xf8, 0x10, 0x3, 0xf0, 0x0,
    0x0, 0xf8, 0x0, 0x3, 0xf0, 0x0, 0x0, 0xf8,
    0xff, 0xff, 0xff, 0xf8, 0x0, 0xf8, 0xff, 0xff,
    0xff, 0xfc, 0x0, 0xf8, 0xff, 0xff, 0xff, 0xfc,
    0x0, 0xf8, 0x0, 0x3, 0xf0, 0x0, 0x0, 0xf8,
    0x0, 0x3, 0xf0, 0x0, 0x7, 0xfe, 0x0, 0x3,
    0xf0, 0x0, 0x2f, 0xff, 0xd0, 0x1, 0x50, 0x5,
    0x7f, 0x9f, 0xff, 0xfe, 0xff, 0xfd, 0x3f, 0x2,
    0xff, 0xff, 0xff, 0xfc, 0xc, 0x0, 0x2f, 0xff,
    0xff, 0xfc, 0x0, 0x0, 0x0, 0x0, 0x0, 0x0,

    /* U+90E8 "部" */
    0x0, 0x4, 0x0, 0x0, 0x0, 0x0, 0x1, 0xf4,
    0x0, 0x0, 0x0, 0x0, 0x3, 0xf0, 0x1, 0xff,
    0xfd, 0xa, 0xaf, 0xea, 0x87, 0xff, 0xfc, 0x7f,
    0xff, 0xff, 0x1f, 0x9b, 0xe1, 0xff, 0xff, 0xfc,
    0x7c, 0x1f, 0x40, 0xb8, 0xb, 0xc1, 0xf0, 0xfc,
    0x2, 0xf0, 0x3f, 0x7, 0xc3, 0xe0, 0x7, 0xd1,
    0xf4, 0x1f, 0x1f, 0x0, 0xf, 0x4b, 0xc0, 0x7c,
    0xfc, 0xf, 0xff, 0xff, 0xf9, 0xf3, 0xe0, 0x3f,
    0xff, 0xff, 0xe7, 0xc7, 0xd0, 0xaa, 0xaa, 0xaa,
    0x5f, 0xb, 0xc0, 0x0, 0x0, 0x0, 0x7c, 0xf,
    0x43, 0xff, 0xff, 0xf1, 0xf0, 0x3e, 0xf, 0xff,
    0xff, 0xc7, 0xc0, 0xfc, 0x3f, 0xaa, 0xbf, 0x1f,
    0x3, 0xe0, 0xfc, 0x0, 0xfc, 0x7e, 0xff, 0x83,
    0xf0, 0x3, 0xf1, 0xf7, 0xfc, 0xf, 0xd5, 0x5f,
    0xc7, 0xcf, 0x80, 0x3f, 0xff, 0xff, 0x1f, 0x0,
    0x0, 0xff, 0xff, 0xfc, 0x7c, 0x0, 0x3, 0xf0,
    0x3, 0xf1, 0xf0, 0x0, 0x0, 0x0, 0x0, 0x0,
    0x0, 0x0,

    /* U+914D "配" */
    0x55, 0x55, 0x54, 0x0, 0x0, 0x3, 0xff, 0xff,
    0xf3, 0xff, 0xff, 0x8f, 0xff, 0xff, 0xcf, 0xff,
    0xfe, 0x0, 0xf7, 0xc0, 0x2a, 0xaa, 0xf8, 0x3,
    0xcf, 0x0, 0x0, 0x3, 0xe2, 0xff, 0xff, 0xe0,
    0x0, 0xf, 0x8b, 0xff, 0xff, 0x80, 0x0, 0x3e,
    0x2f, 0xb7, 0x7e, 0x0, 0x0, 0xf8, 0xb9, 0xcc,
    0xb8, 0xff, 0xff, 0xe2, 0xe7, 0x32, 0xe3, 0xff,
    0xff, 0x8b, 0x9c, 0xcb, 0x8f, 0xea, 0xfe, 0x2e,
    0xa3, 0xbe, 0x3f, 0x0, 0xf8, 0xbf, 0x4f, 0xf8,
    0xfc, 0x1, 0x52, 0xe4, 0x2, 0xe3, 0xf0, 0x0,
    0xb, 0x80, 0xf, 0x8f, 0xc0, 0x0, 0x2f, 0xff,
    0xfe, 0x3f, 0x0, 0x0, 0xbf, 0xff, 0xf8, 0xfc,
    0x0, 0xe2, 0xe0, 0x2, 0xe3, 0xf0, 0x3, 0xeb,
    0xff, 0xff, 0x8f, 0xc0, 0x1f, 0x6f, 0xff, 0xfe,
    0x3f, 0xea, 0xfc, 0xbd, 0x55, 0xf8, 0xbf, 0xff,
    0xf2, 0xe0, 0x2, 0xd0, 0xbf, 0xfe, 0x0, 0x0,
    0x0, 0x0, 0x0, 0x0, 0x0,

    /* U+91CD "重" */
    0x0, 0x0, 0x0, 0x0, 0x10, 0x0, 0x1, 0x55,
    0x6a, 0xff, 0xf0, 0x0, 0xbf, 0xff, 0xff, 0xff,
    0xd0, 0x1, 0xff, 0xff, 0xf9, 0x50, 0x0, 0x0,
    0x0, 0x2f, 0x80, 0x0, 0x2, 0xff, 0xff, 0xff,
    0xff, 0xff, 0xcb, 0xff, 0xff, 0xff, 0xff, 0xff,
    0x0, 0x0, 0xb, 0xe0, 0x0, 0x0, 0x3, 0xff,
    0xff, 0xff, 0xfe, 0x0, 0xf, 0xff, 0xff, 0xff,
    0xf8, 0x0, 0x3e, 0x1, 0xf4, 0x7, 0xe0, 0x0,
    0xff, 0xff, 0xff, 0xff, 0x80, 0x3, 0xfa, 0xbf,
    0xea, 0xfe, 0x0, 0xf, 0x80, 0x7d, 0x1, 0xf8,
    0x0, 0x3f, 0xff, 0xff, 0xff, 0xe0, 0x0, 0xff,
    0xff, 0xff, 0xff, 0x80, 0x0, 0x0, 0x2f, 0x80,
    0x0, 0x0, 0x3f, 0xff, 0xff, 0xff, 0xfe, 0x0,
    0xff, 0xff, 0xff, 0xff, 0xf8, 0x0, 0x0, 0x7,
    0xd0, 0x0, 0x0, 0xbf, 0xff, 0xff, 0xff, 0xff,
    0xf3, 0xff, 0xff, 0xff, 0xff, 0xff, 0xc5, 0x55,
    0x55, 0x55, 0x55, 0x55, 0x0,

    /* U+91CF "量" */
    0x2, 0xaa, 0xaa, 0xaa, 0xa8, 0x0, 0xf, 0xff,
    0xff, 0xff, 0xf0, 0x0, 0x3f, 0x55, 0x55, 0x5f,
    0xc0, 0x0, 0xff, 0xff, 0xff, 0xff, 0x0, 0x3,
    0xf0, 0x0, 0x1, 0xfc, 0x0, 0xf, 0xff, 0xff,
    0xff, 0xf0, 0x0, 0x15, 0x55, 0x55, 0x55, 0x0,
    0x3f, 0xff, 0xff, 0xff, 0xff, 0xfc, 0xff, 0xff,
    0xff, 0xff, 0xff, 0xf0, 0x5, 0x55, 0x55, 0x55,
    0x50, 0x0, 0x7f, 0xff, 0xff, 0xff, 0xd0, 0x1,
    0xf8, 0xb, 0xe0, 0x2f, 0x40, 0x7, 0xff, 0xff,
    0xff, 0xfd, 0x0, 0x1f, 0x95, 0xbe, 0x56, 0xf4,
    0x0, 0x7e, 0xaa, 0xfa, 0xaf, 0xd0, 0x1, 0xff,
    0xff, 0xff, 0xff, 0x40, 0x0, 0x0, 0x1f, 0x40,
    0x0, 0x0, 0x3f, 0xff, 0xff, 0xff, 0xfc, 0x0,
    0xbf, 0xff, 0xff, 0xff, 0xe0, 0x15, 0x55, 0x5b,
    0xe5, 0x55, 0x54, 0xff, 0xff, 0xff, 0xff, 0xff,
    0xf2, 0xff, 0xff, 0xff, 0xff, 0xff, 0xc0,

    /* U+957F "长" */
    0x0, 0x0, 0x0, 0x0, 0x0, 0x0, 0x2, 0xf4,
    0x0, 0x0, 0x80, 0x0, 0xb, 0xd0, 0x0, 0x1f,
    0xe0, 0x0, 0x2f, 0x40, 0x2, 0xff, 0x0, 0x0,
    0xbd, 0x0, 0x7f, 0xf0, 0x0, 0x2, 0xf4, 0x1f,
    0xfe, 0x0, 0x0, 0xb, 0xd3, 0xff, 0xd0, 0x0,
    0x0, 0x2f, 0x47, 0xf8, 0x0, 0x0, 0x0, 0xbd,
    0xa, 0x0, 0x0, 0x0, 0x2, 0xf8, 0x0, 0x0,
    0x0, 0xb, 0xff, 0xff, 0xff, 0xff, 0xff, 0x2f,
    0xff, 0xff, 0xff, 0xff, 0xfc, 0x6a, 0xff, 0xaf,
    0xfa, 0xaa, 0xa0, 0x2, 0xf4, 0xf, 0xc0, 0x0,
    0x0, 0xb, 0xd0, 0x2f, 0x40, 0x0, 0x0, 0x2f,
    0x40, 0x3f, 0x40, 0x0, 0x0, 0xbd, 0x0, 0xbf,
    0x40, 0x0, 0x2, 0xf4, 0x0, 0xff, 0x40, 0x0,
    0xb, 0xd1, 0xb8, 0xff, 0xd0, 0x0, 0x3f, 0xff,
    0xe0, 0xff, 0xf8, 0x1, 0xff, 0xff, 0x80, 0xbf,
    0xf0, 0x7, 0xff, 0x90, 0x0, 0x6f, 0x0, 0xe,
    0x40, 0x0, 0x0, 0x4, 0x0, 0x0, 0x0, 0x0,
    0x0, 0x0,

    /* U+9700 "需" */
    0xb, 0xff, 0xff, 0xff, 0xff, 0x0, 0xbf, 0xff,
    0xff, 0xff, 0xf0, 0x5, 0x55, 0x5f, 0x95, 0x55,
    0x6, 0xaa, 0xaa, 0xfe, 0xaa, 0xaa, 0x7f, 0xff,
    0xff, 0xff, 0xff, 0xf7, 0xe5, 0x56, 0xf9, 0x55,
    0x7f, 0x7c, 0xaa, 0x8f, 0x9a, 0xa7, 0xf7, 0xcf,
    0xfc, 0xfa, 0xff, 0x7f, 0x0, 0x55, 0x4f, 0x85,
    0x54, 0x0, 0x2f, 0xfc, 0xfa, 0xff, 0xc0, 0x0,
    0x0, 0x5, 0x0, 0x0, 0x7, 0xff, 0xff, 0xff,
    0xff, 0xff, 0x7f, 0xff, 0xff, 0xff, 0xff, 0xf1,
    0x55, 0x56, 0xf9, 0x55, 0x55, 0x1, 0x55, 0x6f,
    0x55, 0x55, 0x0, 0xbf, 0xff, 0xff, 0xff, 0xf8,
    0xb, 0xff, 0xff, 0xff, 0xff, 0x80, 0xbc, 0x1f,
    0x7, 0xc0, 0xf8, 0xb, 0xc1, 0xf0, 0x7c, 0xf,
    0x80, 0xbc, 0x1f, 0x7, 0xd5, 0xf8, 0xb, 0xc1,
    0xf0, 0x7d, 0xff, 0x80, 0xbc, 0x1f, 0x7, 0xcb,
    0xe0, 0x0, 0x0, 0x0, 0x0, 0x0, 0x0,

    /* U+9759 "静" */
    0x0, 0x14, 0x0, 0x4, 0x0, 0x0, 0x0, 0x3e,
    0x0, 0xf, 0x80, 0x0, 0x15, 0x7f, 0x54, 0x2f,
    0x40, 0x0, 0x3f, 0xff, 0xfe, 0x3f, 0xff, 0x40,
    0x1a, 0xbf, 0xa9, 0xbf, 0xff, 0x40, 0xa, 0xbf,
    0xa6, 0xfc, 0x3f, 0x0, 0x1f, 0xff, 0xff, 0xf0,
    0xbc, 0x0, 0x5, 0x7e, 0x54, 0xff, 0xff, 0xf0,
    0x2a, 0xbf, 0xaa, 0xbf, 0xff, 0xf0, 0x3f, 0xff,
    0xff, 0x17, 0xf6, 0xf0, 0x15, 0x55, 0x55, 0x3,
    0xe2, 0xf0, 0xf, 0xff, 0xf6, 0xff, 0xff, 0xfd,
    0xf, 0xff, 0xfa, 0xff, 0xff, 0xfd, 0xf, 0x95,
    0xf8, 0x57, 0xf6, 0xf4, 0xf, 0xea, 0xf8, 0x3,
    0xe2, 0xf0, 0xf, 0xff, 0xf8, 0xbf, 0xff, 0xf0,
    0xf, 0x80, 0xf8, 0xff, 0xff, 0xf0, 0xf, 0xff,
    0xf8, 0x6b, 0xfb, 0xf0, 0xf, 0xff, 0xf8, 0x3,
    0xe1, 0xa0, 0xf, 0x80, 0xf8, 0x3, 0xe0, 0x0,
    0xf, 0x85, 0xf8, 0x6b, 0xe0, 0x0, 0xf, 0x8f,
    0xf4, 0x7f, 0xd0, 0x0, 0xf, 0x87, 0xe0, 0x3f,
    0x80, 0x0, 0x0, 0x0, 0x0, 0x0, 0x0, 0x0,

    /* U+975E "非" */
    0x0, 0x1, 0x50, 0x15, 0x0, 0x0, 0x0, 0xf,
    0xc0, 0xfc, 0x0, 0x0, 0x0, 0x3f, 0x3, 0xf0,
    0x0, 0x0, 0x0, 0xfc, 0xf, 0xc0, 0x0, 0x3f,
    0xff, 0xf0, 0x3f, 0xff, 0xf0, 0xff, 0xff, 0xc0,
    0xff, 0xff, 0xc3, 0xff, 0xff, 0x3, 0xff, 0xff,
    0x0, 0x0, 0xfc, 0xf, 0xc0, 0x0, 0x0, 0x3,
    0xf0, 0x3f, 0x0, 0x0, 0xaa, 0xaf, 0xc0, 0xfe,
    0xaa, 0x43, 0xff, 0xff, 0x3, 0xff, 0xfe, 0xf,
    0xff, 0xfc, 0xf, 0xff, 0xf8, 0x0, 0x3, 0xf0,
    0x3f, 0x0, 0x0, 0x0, 0xf, 0xc0, 0xfc, 0x0,
    0x0, 0x0, 0x3f, 0x3, 0xf0, 0x0, 0x2f, 0xff,
    0xfc, 0xf, 0xff, 0xfe, 0xff, 0xff, 0xf0, 0x3f,
    0xff, 0xfa, 0xff, 0xff, 0xc0, 0xff, 0xff, 0xd0,
    0x0, 0x3f, 0x3, 0xf0, 0x0, 0x0, 0x0, 0xfc,
    0xf, 0xc0, 0x0, 0x0, 0x3, 0xf0, 0x3f, 0x0,
    0x0, 0x0, 0xf, 0xc0, 0xfc, 0x0, 0x0, 0x0,
    0x3f, 0x3, 0xf0, 0x0, 0x0,

    /* U+9875 "页" */
    0x0, 0x0, 0x0, 0x0, 0x0, 0x0, 0xff, 0xff,
    0xff, 0xff, 0xff, 0xc3, 0xff, 0xff, 0xff, 0xff,
    0xff, 0xa, 0xaa, 0xaf, 0xea, 0xaa, 0xa4, 0x0,
    0x0, 0x3f, 0x0, 0x0, 0x0, 0xa, 0xab, 0xfe,
    0xaa, 0xa8, 0x0, 0x3f, 0xff, 0xff, 0xff, 0xf0,
    0x0, 0xff, 0xff, 0xff, 0xff, 0xc0, 0x3, 0xf0,
    0x0, 0x0, 0x3f, 0x0, 0xf, 0x80, 0x3e, 0x0,
    0xfc, 0x0, 0x3e, 0x0, 0xfc, 0x3, 0xf0, 0x0,
    0xf8, 0x3, 0xf0, 0xf, 0xc0, 0x3, 0xe0, 0xf,
    0xc0, 0x3f, 0x0, 0xf, 0x80, 0x3f, 0x0, 0xfc,
    0x0, 0x3e, 0x1, 0xf8, 0x3, 0xf0, 0x0, 0xf8,
    0xf, 0xd0, 0xf, 0xc0, 0x2, 0x90, 0xbf, 0x3e,
    0x2a, 0x0, 0x0, 0xf, 0xf6, 0xff, 0x90, 0x0,
    0x7, 0xff, 0x40, 0xbf, 0xe0, 0x1b, 0xff, 0xf0,
    0x0, 0x2f, 0xf8, 0x3f, 0xf9, 0x0, 0x0, 0x1f,
    0xe0, 0x79, 0x0, 0x0, 0x0, 0x6, 0x0, 0x0,
    0x0, 0x0, 0x0, 0x0, 0x0,

    /* U+9996 "首" */
    0x0, 0x4, 0x0, 0x0, 0x0, 0x0, 0xb, 0xd0,
    0x0, 0x7f, 0x0, 0x0, 0x7f, 0x0, 0xf, 0xe0,
    0x0, 0x2, 0xf8, 0x1, 0xfc, 0x0, 0xff, 0xff,
    0xff, 0xff, 0xff, 0xff, 0xff, 0xff, 0xff, 0xff,
    0xff, 0xaa, 0xaa, 0xbf, 0xea, 0xaa, 0xa0, 0x0,
    0x3, 0xf4, 0x0, 0x0, 0x7, 0xff, 0xff, 0xff,
    0xfd, 0x0, 0x7f, 0xff, 0xff, 0xff, 0xd0, 0x7,
    0xe5, 0x55, 0x55, 0xfd, 0x0, 0x7d, 0x0, 0x0,
    0xb, 0xd0, 0x7, 0xff, 0xff, 0xff, 0xfd, 0x0,
    0x7f, 0xff, 0xff, 0xff, 0xd0, 0x7, 0xd0, 0x0,
    0x0, 0xbd, 0x0, 0x7e, 0x0, 0x0, 0xb, 0xd0,
    0x7, 0xff, 0xff, 0xff, 0xfd, 0x0, 0x7f, 0xff,
    0xff, 0xff, 0xd0, 0x7, 0xd0, 0x0, 0x0, 0xbd,
    0x0, 0x7e, 0x55, 0x55, 0x5f, 0xd0, 0x7, 0xff,
    0xff, 0xff, 0xfd, 0x0, 0x7f, 0xff, 0xff, 0xff,
    0xd0, 0x7, 0xd0, 0x0, 0x0, 0xbd, 0x0,

    /* U+9AD8 "高" */
    0x0, 0x0, 0x5, 0x0, 0x0, 0x0, 0x0, 0x3,
    0xf0, 0x0, 0x0, 0x0, 0x0, 0x3f, 0x80, 0x0,
    0xf, 0xff, 0xff, 0xff, 0xff, 0xfd, 0xff, 0xff,
    0xff, 0xff, 0xff, 0xd0, 0x0, 0x0, 0x0, 0x0,
    0x0, 0x2, 0xff, 0xff, 0xff, 0xf4, 0x0, 0x2f,
    0xff, 0xff, 0xff, 0x80, 0x2, 0xf0, 0x0, 0x2,
    0xf8, 0x0, 0x2f, 0xaa, 0xaa, 0xbf, 0x80, 0x2,
    0xff, 0xff, 0xff, 0xf8, 0x0, 0x0, 0x0, 0x0,
    0x0, 0x0, 0x3f, 0xff, 0xff, 0xff, 0xff, 0xc7,
    0xff, 0xff, 0xff, 0xff, 0xfc, 0x7e, 0x55, 0x55,
    0x55, 0x5f, 0xc7, 0xe0, 0x0, 0x0, 0x0, 0xfc,
    0x7e, 0x2f, 0xff, 0xff, 0xf, 0xc7, 0xe2, 0xff,
    0xff, 0xf0, 0xfc, 0x7e, 0x2f, 0x0, 0x2f, 0xf,
    0xc7, 0xe2, 0xff, 0xff, 0xf0, 0xfc, 0x7e, 0x2f,
    0xff, 0xff, 0xf, 0xc7, 0xe2, 0xf0, 0x0, 0x3f,
    0xf8, 0x7e, 0x0, 0x0, 0x1, 0xfe, 0x0, 0x0,
    0x0, 0x0, 0x0, 0x0,

    /* U+9F84 "龄" */
    0x0, 0x0, 0x0, 0x0, 0x40, 0x0, 0x0, 0x1f,
    0x0, 0x0, 0xf8, 0x0, 0xf, 0x5f, 0x0, 0x2,
    0xfc, 0x0, 0xf, 0x5f, 0x95, 0x3, 0xfe, 0x0,
    0xf, 0x5f, 0xfe, 0xb, 0xff, 0x40, 0xf, 0x5f,
    0xfe, 0x2f, 0xcf, 0xc0, 0xf, 0x5f, 0x0, 0x7f,
    0x47, 0xf0, 0xf, 0x9f, 0x41, 0xfe, 0x3, 0xfc,
    0x3f, 0xff, 0xff, 0xfa, 0xf0, 0xfe, 0x3f, 0xff,
    0xff, 0xe1, 0xf8, 0x38, 0x0, 0x19, 0x14, 0x0,
    0xfc, 0x0, 0x2e, 0x1e, 0x3d, 0x0, 0x60, 0x0,
    0x2e, 0x2e, 0x3d, 0x7f, 0xff, 0xf4, 0x2e, 0x2d,
    0x3d, 0x7f, 0xff, 0xfc, 0x2e, 0x3d, 0x3d, 0x15,
    0x5b, 0xf0, 0x2e, 0x3f, 0x3d, 0x0, 0xb, 0xe0,
    0x2e, 0x7f, 0xbd, 0x28, 0x1f, 0xc0, 0x2f, 0xfb,
    0xfd, 0x7f, 0x7f, 0x0, 0x2f, 0xf2, 0xbd, 0x2f,
    0xfd, 0x0, 0x2f, 0x51, 0x7d, 0x7, 0xfc, 0x0,
    0x2f, 0xff, 0xfd, 0x1, 0xff, 0x0, 0x2f, 0xff,
    0xfd, 0x0, 0x3f, 0x40, 0x0, 0x0, 0x3d, 0x0,
    0xe, 0x0, 0x0, 0x0, 0x0, 0x0, 0x0, 0x0,

    /* U+FF0C "，" */
    0xb, 0x80, 0xbf, 0xc2, 0xff, 0x7, 0xfc, 0x2,
    0xf0, 0xb, 0xc0, 0xbd, 0xf, 0xd0, 0x3d, 0x0,
    0x0, 0x0,

    /* U+FF1A "：" */
    0xb, 0x43, 0xfc, 0x3f, 0xd3, 0xfc, 0xa, 0x0,
    0x0, 0x0, 0x0, 0x0, 0x0, 0x0, 0x0, 0x0,
    0x0, 0x50, 0x2f, 0xc3, 0xfc, 0x3f, 0xc1, 0xf8,
    0x0, 0x0
};


/*---------------------
 *  GLYPH DESCRIPTION
 *--------------------*/

static const lv_font_fmt_txt_glyph_dsc_t glyph_dsc[] = {
    {.bitmap_index = 0, .adv_w = 0, .box_w = 0, .box_h = 0, .ofs_x = 0, .ofs_y = 0} /* id = 0 reserved */,
    {.bitmap_index = 0, .adv_w = 87, .box_w = 0, .box_h = 0, .ofs_x = 0, .ofs_y = 0},
    {.bitmap_index = 0, .adv_w = 142, .box_w = 5, .box_h = 18, .ofs_x = 2, .ofs_y = 0},
    {.bitmap_index = 23, .adv_w = 220, .box_w = 10, .box_h = 9, .ofs_x = 2, .ofs_y = 10},
    {.bitmap_index = 46, .adv_w = 227, .box_w = 14, .box_h = 18, .ofs_x = 0, .ofs_y = 0},
    {.bitmap_index = 109, .adv_w = 227, .box_w = 12, .box_h = 24, .ofs_x = 1, .ofs_y = -3},
    {.bitmap_index = 181, .adv_w = 370, .box_w = 23, .box_h = 18, .ofs_x = 0, .ofs_y = 0},
    {.bitmap_index = 285, .adv_w = 284, .box_w = 18, .box_h = 18, .ofs_x = 0, .ofs_y = 0},
    {.bitmap_index = 366, .adv_w = 125, .box_w = 4, .box_h = 9, .ofs_x = 2, .ofs_y = 10},
    {.bitmap_index = 375, .adv_w = 145, .box_w = 6, .box_h = 26, .ofs_x = 2, .ofs_y = -5},
    {.bitmap_index = 414, .adv_w = 145, .box_w = 7, .box_h = 26, .ofs_x = 1, .ofs_y = -5},
    {.bitmap_index = 460, .adv_w = 195, .box_w = 10, .box_h = 10, .ofs_x = 1, .ofs_y = 9},
    {.bitmap_index = 485, .adv_w = 227, .box_w = 14, .box_h = 13, .ofs_x = 0, .ofs_y = 3},
    {.bitmap_index = 531, .adv_w = 125, .box_w = 6, .box_h = 11, .ofs_x = 1, .ofs_y = -6},
    {.bitmap_index = 548, .adv_w = 142, .box_w = 7, .box_h = 3, .ofs_x = 1, .ofs_y = 6},
    {.bitmap_index = 554, .adv_w = 125, .box_w = 6, .box_h = 5, .ofs_x = 1, .ofs_y = 0},
    {.bitmap_index = 562, .adv_w = 149, .box_w = 9, .box_h = 24, .ofs_x = 0, .ofs_y = -5},
    {.bitmap_index = 616, .adv_w = 227, .box_w = 13, .box_h = 18, .ofs_x = 1, .ofs_y = 0},
    {.bitmap_index = 675, .adv_w = 227, .box_w = 12, .box_h = 18, .ofs_x = 1, .ofs_y = 0},
    {.bitmap_index = 729, .adv_w = 227, .box_w = 13, .box_h = 18, .ofs_x = 0, .ofs_y = 0},
    {.bitmap_index = 788, .adv_w = 227, .box_w = 13, .box_h = 18, .ofs_x = 0, .ofs_y = 0},
    {.bitmap_index = 847, .adv_w = 227, .box_w = 14, .box_h = 18, .ofs_x = 0, .ofs_y = 0},
    {.bitmap_index = 910, .adv_w = 227, .box_w = 13, .box_h = 18, .ofs_x = 0, .ofs_y = 0},
    {.bitmap_index = 969, .adv_w = 227, .box_w = 13, .box_h = 18, .ofs_x = 1, .ofs_y = 0},
    {.bitmap_index = 1028, .adv_w = 227, .box_w = 13, .box_h = 18, .ofs_x = 1, .ofs_y = 0},
    {.bitmap_index = 1087, .adv_w = 227, .box_w = 13, .box_h = 18, .ofs_x = 1, .ofs_y = 0},
    {.bitmap_index = 1146, .adv_w = 227, .box_w = 13, .box_h = 18, .ofs_x = 0, .ofs_y = 0},
    {.bitmap_index = 1205, .adv_w = 125, .box_w = 6, .box_h = 14, .ofs_x = 1, .ofs_y = 0},
    {.bitmap_index = 1226, .adv_w = 125, .box_w = 6, .box_h = 20, .ofs_x = 1, .ofs_y = -6},
    {.bitmap_index = 1256, .adv_w = 227, .box_w = 14, .box_h = 13, .ofs_x = 0, .ofs_y = 3},
    {.bitmap_index = 1302, .adv_w = 227, .box_w = 14, .box_h = 9, .ofs_x = 0, .ofs_y = 5},
    {.bitmap_index = 1334, .adv_w = 227, .box_w = 14, .box_h = 13, .ofs_x = 0, .ofs_y = 3},
    {.bitmap_index = 1380, .adv_w = 197, .box_w = 11, .box_h = 18, .ofs_x = 1, .ofs_y = 0},
    {.bitmap_index = 1430, .adv_w = 387, .box_w = 22, .box_h = 23, .ofs_x = 1, .ofs_y = -5},
    {.bitmap_index = 1557, .adv_w = 246, .box_w = 17, .box_h = 18, .ofs_x = -1, .ofs_y = 0},
    {.bitmap_index = 1634, .adv_w = 262, .box_w = 14, .box_h = 18, .ofs_x = 2, .ofs_y = 0},
    {.bitmap_index = 1697, .adv_w = 252, .box_w = 15, .box_h = 18, .ofs_x = 1, .ofs_y = 0},
    {.bitmap_index = 1765, .adv_w = 274, .box_w = 14, .box_h = 18, .ofs_x = 2, .ofs_y = 0},
    {.bitmap_index = 1828, .adv_w = 236, .box_w = 12, .box_h = 18, .ofs_x = 2, .ofs_y = 0},
    {.bitmap_index = 1882, .adv_w = 225, .box_w = 12, .box_h = 18, .ofs_x = 2, .ofs_y = 0},
    {.bitmap_index = 1936, .adv_w = 275, .box_w = 15, .box_h = 18, .ofs_x = 1, .ofs_y = 0},
    {.bitmap_index = 2004, .adv_w = 291, .box_w = 14, .box_h = 18, .ofs_x = 2, .ofs_y = 0},
    {.bitmap_index = 2067, .adv_w = 127, .box_w = 4, .box_h = 18, .ofs_x = 2, .ofs_y = 0},
    {.bitmap_index = 2085, .adv_w = 218, .box_w = 12, .box_h = 18, .ofs_x = 0, .ofs_y = 0},
    {.bitmap_index = 2139, .adv_w = 263, .box_w = 15, .box_h = 18, .ofs_x = 2, .ofs_y = 0},
    {.bitmap_index = 2207, .adv_w = 222, .box_w = 11, .box_h = 18, .ofs_x = 2, .ofs_y = 0},
    {.bitmap_index = 2257, .adv_w = 328, .box_w = 17, .box_h = 18, .ofs_x = 2, .ofs_y = 0},
    {.bitmap_index = 2334, .adv_w = 288, .box_w = 14, .box_h = 18, .ofs_x = 2, .ofs_y = 0},
    {.bitmap_index = 2397, .adv_w = 296, .box_w = 17, .box_h = 18, .ofs_x = 1, .ofs_y = 0},
    {.bitmap_index = 2474, .adv_w = 256, .box_w = 13, .box_h = 18, .ofs_x = 2, .ofs_y = 0},
    {.bitmap_index = 2533, .adv_w = 296, .box_w = 17, .box_h = 23, .ofs_x = 1, .ofs_y = -5},
    {.bitmap_index = 2631, .adv_w = 262, .box_w = 14, .box_h = 18, .ofs_x = 2, .ofs_y = 0},
    {.bitmap_index = 2694, .adv_w = 240, .box_w = 14, .box_h = 18, .ofs_x = 1, .ofs_y = 0},
    {.bitmap_index = 2757, .adv_w = 240, .box_w = 15, .box_h = 18, .ofs_x = 0, .ofs_y = 0},
    {.bitmap_index = 2825, .adv_w = 287, .box_w = 14, .box_h = 18, .ofs_x = 2, .ofs_y = 0},
    {.bitmap_index = 2888, .adv_w = 238, .box_w = 16, .box_h = 18, .ofs_x = -1, .ofs_y = 0},
    {.bitmap_index = 2960, .adv_w = 351, .box_w = 22, .box_h = 18, .ofs_x = 0, .ofs_y = 0},
    {.bitmap_index = 3059, .adv_w = 241, .box_w = 15, .box_h = 18, .ofs_x = 0, .ofs_y = 0},
    {.bitmap_index = 3127, .adv_w = 223, .box_w = 16, .box_h = 18, .ofs_x = -1, .ofs_y = 0},
    {.bitmap_index = 3199, .adv_w = 235, .box_w = 13, .box_h = 18, .ofs_x = 1, .ofs_y = 0},
    {.bitmap_index = 3258, .adv_w = 145, .box_w = 6, .box_h = 24, .ofs_x = 2, .ofs_y = -5},
    {.bitmap_index = 3294, .adv_w = 149, .box_w = 9, .box_h = 24, .ofs_x = 0, .ofs_y = -5},
    {.bitmap_index = 3348, .adv_w = 145, .box_w = 6, .box_h = 24, .ofs_x = 1, .ofs_y = -5},
    {.bitmap_index = 3384, .adv_w = 227, .box_w = 12, .box_h = 11, .ofs_x = 1, .ofs_y = 8},
    {.bitmap_index = 3417, .adv_w = 218, .box_w = 14, .box_h = 3, .ofs_x = 0, .ofs_y = -4},
    {.bitmap_index = 3428, .adv_w = 240, .box_w = 8, .box_h = 5, .ofs_x = 2, .ofs_y = 16},
    {.bitmap_index = 3438, .adv_w = 227, .box_w = 12, .box_h = 14, .ofs_x = 1, .ofs_y = 0},
    {.bitmap_index = 3480, .adv_w = 247, .box_w = 14, .box_h = 19, .ofs_x = 1, .ofs_y = 0},
    {.bitmap_index = 3547, .adv_w = 202, .box_w = 11, .box_h = 14, .ofs_x = 1, .ofs_y = 0},
    {.bitmap_index = 3586, .adv_w = 247, .box_w = 13, .box_h = 19, .ofs_x = 1, .ofs_y = 0},
    {.bitmap_index = 3648, .adv_w = 223, .box_w = 12, .box_h = 14, .ofs_x = 1, .ofs_y = 0},
    {.bitmap_index = 3690, .adv_w = 143, .box_w = 10, .box_h = 19, .ofs_x = 0, .ofs_y = 0},
    {.bitmap_index = 3738, .adv_w = 229, .box_w = 13, .box_h = 19, .ofs_x = 1, .ofs_y = -5},
    {.bitmap_index = 3800, .adv_w = 246, .box_w = 13, .box_h = 19, .ofs_x = 1, .ofs_y = 0},
    {.bitmap_index = 3862, .adv_w = 117, .box_w = 5, .box_h = 19, .ofs_x = 1, .ofs_y = 0},
    {.bitmap_index = 3886, .adv_w = 118, .box_w = 8, .box_h = 24, .ofs_x = -2, .ofs_y = -5},
    {.bitmap_index = 3934, .adv_w = 232, .box_w = 14, .box_h = 19, .ofs_x = 1, .ofs_y = 0},
    {.bitmap_index = 4001, .adv_w = 121, .box_w = 7, .box_h = 19, .ofs_x = 1, .ofs_y = 0},
    {.bitmap_index = 4035, .adv_w = 370, .box_w = 21, .box_h = 14, .ofs_x = 1, .ofs_y = 0},
    {.bitmap_index = 4109, .adv_w = 246, .box_w = 13, .box_h = 14, .ofs_x = 1, .ofs_y = 0},
    {.bitmap_index = 4155, .adv_w = 240, .box_w = 13, .box_h = 14, .ofs_x = 1, .ofs_y = 0},
    {.bitmap_index = 4201, .adv_w = 247, .box_w = 14, .box_h = 19, .ofs_x = 1, .ofs_y = -5},
    {.bitmap_index = 4268, .adv_w = 247, .box_w = 13, .box_h = 19, .ofs_x = 1, .ofs_y = -5},
    {.bitmap_index = 4330, .adv_w = 167, .box_w = 10, .box_h = 14, .ofs_x = 1, .ofs_y = 0},
    {.bitmap_index = 4365, .adv_w = 190, .box_w = 12, .box_h = 14, .ofs_x = 0, .ofs_y = 0},
    {.bitmap_index = 4407, .adv_w = 162, .box_w = 10, .box_h = 18, .ofs_x = 0, .ofs_y = 0},
    {.bitmap_index = 4452, .adv_w = 245, .box_w = 13, .box_h = 14, .ofs_x = 1, .ofs_y = 0},
    {.bitmap_index = 4498, .adv_w = 221, .box_w = 14, .box_h = 14, .ofs_x = 0, .ofs_y = 0},
    {.bitmap_index = 4547, .adv_w = 331, .box_w = 21, .box_h = 14, .ofs_x = 0, .ofs_y = 0},
    {.bitmap_index = 4621, .adv_w = 216, .box_w = 14, .box_h = 14, .ofs_x = 0, .ofs_y = 0},
    {.bitmap_index = 4670, .adv_w = 220, .box_w = 14, .box_h = 19, .ofs_x = 0, .ofs_y = -5},
    {.bitmap_index = 4737, .adv_w = 196, .box_w = 12, .box_h = 14, .ofs_x = 0, .ofs_y = 0},
    {.bitmap_index = 4779, .adv_w = 145, .box_w = 8, .box_h = 24, .ofs_x = 0, .ofs_y = -5},
    {.bitmap_index = 4827, .adv_w = 114, .box_w = 3, .box_h = 28, .ofs_x = 2, .ofs_y = -7},
    {.bitmap_index = 4848, .adv_w = 145, .box_w = 8, .box_h = 24, .ofs_x = 1, .ofs_y = -5},
    {.bitmap_index = 4896, .adv_w = 227, .box_w = 14, .box_h = 5, .ofs_x = 0, .ofs_y = 7},
    {.bitmap_index = 4914, .adv_w = 384, .box_w = 8, .box_h = 7, .ofs_x = 8, .ofs_y = 6},
    {.bitmap_index = 4928, .adv_w = 384, .box_w = 20, .box_h = 4, .ofs_x = 2, .ofs_y = 7},
    {.bitmap_index = 4948, .adv_w = 384, .box_w = 24, .box_h = 24, .ofs_x = 0, .ofs_y = -2},
    {.bitmap_index = 5092, .adv_w = 384, .box_w = 20, .box_h = 21, .ofs_x = 2, .ofs_y = -1},
    {.bitmap_index = 5197, .adv_w = 384, .box_w = 24, .box_h = 4, .ofs_x = 0, .ofs_y = 7},
    {.bitmap_index = 5221, .adv_w = 384, .box_w = 22, .box_h = 22, .ofs_x = 1, .ofs_y = -1},
    {.bitmap_index = 5342, .adv_w = 384, .box_w = 22, .box_h = 21, .ofs_x = 1, .ofs_y = -2},
    {.bitmap_index = 5458, .adv_w = 384, .box_w = 23, .box_h = 21, .ofs_x = 1, .ofs_y = -2},
    {.bitmap_index = 5579, .adv_w = 384, .box_w = 21, .box_h = 24, .ofs_x = 1, .ofs_y = -3},
    {.bitmap_index = 5705, .adv_w = 384, .box_w = 20, .box_h = 23, .ofs_x = 2, .ofs_y = -2},
    {.bitmap_index = 5820, .adv_w = 384, .box_w = 24, .box_h = 23, .ofs_x = 0, .ofs_y = -2},
    {.bitmap_index = 5958, .adv_w = 384, .box_w = 24, .box_h = 24, .ofs_x = 0, .ofs_y = -3},
    {.bitmap_index = 6102, .adv_w = 384, .box_w = 24, .box_h = 23, .ofs_x = 0, .ofs_y = -2},
    {.bitmap_index = 6240, .adv_w = 384, .box_w = 24, .box_h = 24, .ofs_x = 0, .ofs_y = -3},
    {.bitmap_index = 6384, .adv_w = 384, .box_w = 24, .box_h = 24, .ofs_x = 0, .ofs_y = -3},
    {.bitmap_index = 6528, .adv_w = 384, .box_w = 24, .box_h = 23, .ofs_x = 0, .ofs_y = -2},
    {.bitmap_index = 6666, .adv_w = 384, .box_w = 24, .box_h = 24, .ofs_x = 0, .ofs_y = -3},
    {.bitmap_index = 6810, .adv_w = 384, .box_w = 23, .box_h = 24, .ofs_x = 0, .ofs_y = -3},
    {.bitmap_index = 6948, .adv_w = 384, .box_w = 23, .box_h = 23, .ofs_x = 0, .ofs_y = -2},
    {.bitmap_index = 7081, .adv_w = 384, .box_w = 24, .box_h = 23, .ofs_x = 0, .ofs_y = -2},
    {.bitmap_index = 7219, .adv_w = 384, .box_w = 23, .box_h = 24, .ofs_x = 1, .ofs_y = -3},
    {.bitmap_index = 7357, .adv_w = 384, .box_w = 24, .box_h = 23, .ofs_x = 0, .ofs_y = -2},
    {.bitmap_index = 7495, .adv_w = 384, .box_w = 23, .box_h = 24, .ofs_x = 1, .ofs_y = -3},
    {.bitmap_index = 7633, .adv_w = 384, .box_w = 24, .box_h = 23, .ofs_x = 0, .ofs_y = -2},
    {.bitmap_index = 7771, .adv_w = 384, .box_w = 22, .box_h = 23, .ofs_x = 1, .ofs_y = -2},
    {.bitmap_index = 7898, .adv_w = 384, .box_w = 24, .box_h = 24, .ofs_x = 0, .ofs_y = -3},
    {.bitmap_index = 8042, .adv_w = 384, .box_w = 23, .box_h = 24, .ofs_x = 0, .ofs_y = -3},
    {.bitmap_index = 8180, .adv_w = 384, .box_w = 22, .box_h = 23, .ofs_x = 1, .ofs_y = -2},
    {.bitmap_index = 8307, .adv_w = 384, .box_w = 22, .box_h = 23, .ofs_x = 1, .ofs_y = -3},
    {.bitmap_index = 8434, .adv_w = 384, .box_w = 24, .box_h = 24, .ofs_x = 0, .ofs_y = -3},
    {.bitmap_index = 8578, .adv_w = 384, .box_w = 22, .box_h = 22, .ofs_x = 1, .ofs_y = -2},
    {.bitmap_index = 8699, .adv_w = 384, .box_w = 23, .box_h = 23, .ofs_x = 0, .ofs_y = -3},
    {.bitmap_index = 8832, .adv_w = 384, .box_w = 24, .box_h = 24, .ofs_x = 0, .ofs_y = -3},
    {.bitmap_index = 8976, .adv_w = 384, .box_w = 24, .box_h = 23, .ofs_x = 0, .ofs_y = -3},
    {.bitmap_index = 9114, .adv_w = 384, .box_w = 25, .box_h = 24, .ofs_x = 0, .ofs_y = -3},
    {.bitmap_index = 9264, .adv_w = 384, .box_w = 22, .box_h = 23, .ofs_x = 1, .ofs_y = -3},
    {.bitmap_index = 9391, .adv_w = 384, .box_w = 22, .box_h = 23, .ofs_x = 1, .ofs_y = -3},
    {.bitmap_index = 9518, .adv_w = 384, .box_w = 23, .box_h = 24, .ofs_x = 0, .ofs_y = -3},
    {.bitmap_index = 9656, .adv_w = 384, .box_w = 22, .box_h = 23, .ofs_x = 0, .ofs_y = -3},
    {.bitmap_index = 9783, .adv_w = 384, .box_w = 22, .box_h = 23, .ofs_x = 1, .ofs_y = -2},
    {.bitmap_index = 9910, .adv_w = 384, .box_w = 24, .box_h = 22, .ofs_x = 0, .ofs_y = -2},
    {.bitmap_index = 10042, .adv_w = 384, .box_w = 22, .box_h = 22, .ofs_x = 1, .ofs_y = -2},
    {.bitmap_index = 10163, .adv_w = 384, .box_w = 23, .box_h = 23, .ofs_x = 0, .ofs_y = -2},
    {.bitmap_index = 10296, .adv_w = 384, .box_w = 24, .box_h = 23, .ofs_x = 0, .ofs_y = -2},
    {.bitmap_index = 10434, .adv_w = 384, .box_w = 24, .box_h = 23, .ofs_x = 0, .ofs_y = -2},
    {.bitmap_index = 10572, .adv_w = 384, .box_w = 24, .box_h = 23, .ofs_x = 0, .ofs_y = -2},
    {.bitmap_index = 10710, .adv_w = 384, .box_w = 23, .box_h = 24, .ofs_x = 1, .ofs_y = -3},
    {.bitmap_index = 10848, .adv_w = 384, .box_w = 24, .box_h = 24, .ofs_x = 0, .ofs_y = -3},
    {.bitmap_index = 10992, .adv_w = 384, .box_w = 22, .box_h = 24, .ofs_x = 1, .ofs_y = -3},
    {.bitmap_index = 11124, .adv_w = 384, .box_w = 24, .box_h = 24, .ofs_x = 0, .ofs_y = -3},
    {.bitmap_index = 11268, .adv_w = 384, .box_w = 24, .box_h = 23, .ofs_x = 0, .ofs_y = -2},
    {.bitmap_index = 11406, .adv_w = 384, .box_w = 24, .box_h = 24, .ofs_x = 0, .ofs_y = -3},
    {.bitmap_index = 11550, .adv_w = 384, .box_w = 24, .box_h = 24, .ofs_x = 0, .ofs_y = -3},
    {.bitmap_index = 11694, .adv_w = 384, .box_w = 24, .box_h = 23, .ofs_x = 0, .ofs_y = -2},
    {.bitmap_index = 11832, .adv_w = 384, .box_w = 24, .box_h = 24, .ofs_x = 0, .ofs_y = -3},
    {.bitmap_index = 11976, .adv_w = 384, .box_w = 24, .box_h = 24, .ofs_x = 0, .ofs_y = -3},
    {.bitmap_index = 12120, .adv_w = 384, .box_w = 21, .box_h = 24, .ofs_x = 1, .ofs_y = -3},
    {.bitmap_index = 12246, .adv_w = 384, .box_w = 22, .box_h = 22, .ofs_x = 2, .ofs_y = -2},
    {.bitmap_index = 12367, .adv_w = 384, .box_w = 22, .box_h = 23, .ofs_x = 1, .ofs_y = -2},
    {.bitmap_index = 12494, .adv_w = 384, .box_w = 24, .box_h = 23, .ofs_x = 0, .ofs_y = -2},
    {.bitmap_index = 12632, .adv_w = 384, .box_w = 22, .box_h = 23, .ofs_x = 1, .ofs_y = -3},
    {.bitmap_index = 12759, .adv_w = 384, .box_w = 23, .box_h = 23, .ofs_x = 0, .ofs_y = -3},
    {.bitmap_index = 12892, .adv_w = 384, .box_w = 23, .box_h = 23, .ofs_x = 1, .ofs_y = -3},
    {.bitmap_index = 13025, .adv_w = 384, .box_w = 24, .box_h = 22, .ofs_x = 0, .ofs_y = -2},
    {.bitmap_index = 13157, .adv_w = 384, .box_w = 23, .box_h = 23, .ofs_x = 0, .ofs_y = -2},
    {.bitmap_index = 13290, .adv_w = 384, .box_w = 24, .box_h = 23, .ofs_x = 0, .ofs_y = -2},
    {.bitmap_index = 13428, .adv_w = 384, .box_w = 24, .box_h = 23, .ofs_x = 0, .ofs_y = -2},
    {.bitmap_index = 13566, .adv_w = 384, .box_w = 24, .box_h = 23, .ofs_x = 0, .ofs_y = -2},
    {.bitmap_index = 13704, .adv_w = 384, .box_w = 24, .box_h = 24, .ofs_x = 0, .ofs_y = -3},
    {.bitmap_index = 13848, .adv_w = 384, .box_w = 24, .box_h = 24, .ofs_x = 0, .ofs_y = -3},
    {.bitmap_index = 13992, .adv_w = 384, .box_w = 21, .box_h = 24, .ofs_x = 0, .ofs_y = -3},
    {.bitmap_index = 14118, .adv_w = 384, .box_w = 23, .box_h = 24, .ofs_x = 1, .ofs_y = -3},
    {.bitmap_index = 14256, .adv_w = 384, .box_w = 23, .box_h = 24, .ofs_x = 0, .ofs_y = -3},
    {.bitmap_index = 14394, .adv_w = 384, .box_w = 24, .box_h = 24, .ofs_x = 0, .ofs_y = -3},
    {.bitmap_index = 14538, .adv_w = 384, .box_w = 24, .box_h = 24, .ofs_x = 0, .ofs_y = -3},
    {.bitmap_index = 14682, .adv_w = 384, .box_w = 24, .box_h = 23, .ofs_x = 0, .ofs_y = -2},
    {.bitmap_index = 14820, .adv_w = 384, .box_w = 24, .box_h = 24, .ofs_x = 0, .ofs_y = -3},
    {.bitmap_index = 14964, .adv_w = 384, .box_w = 23, .box_h = 23, .ofs_x = 0, .ofs_y = -2},
    {.bitmap_index = 15097, .adv_w = 384, .box_w = 24, .box_h = 23, .ofs_x = 0, .ofs_y = -2},
    {.bitmap_index = 15235, .adv_w = 384, .box_w = 24, .box_h = 23, .ofs_x = 0, .ofs_y = -2},
    {.bitmap_index = 15373, .adv_w = 384, .box_w = 23, .box_h = 24, .ofs_x = 1, .ofs_y = -3},
    {.bitmap_index = 15511, .adv_w = 384, .box_w = 24, .box_h = 23, .ofs_x = 0, .ofs_y = -2},
    {.bitmap_index = 15649, .adv_w = 384, .box_w = 24, .box_h = 22, .ofs_x = 0, .ofs_y = -3},
    {.bitmap_index = 15781, .adv_w = 384, .box_w = 23, .box_h = 24, .ofs_x = 1, .ofs_y = -3},
    {.bitmap_index = 15919, .adv_w = 384, .box_w = 22, .box_h = 23, .ofs_x = 1, .ofs_y = -2},
    {.bitmap_index = 16046, .adv_w = 384, .box_w = 24, .box_h = 23, .ofs_x = 0, .ofs_y = -2},
    {.bitmap_index = 16184, .adv_w = 384, .box_w = 25, .box_h = 23, .ofs_x = 0, .ofs_y = -2},
    {.bitmap_index = 16328, .adv_w = 384, .box_w = 24, .box_h = 23, .ofs_x = 0, .ofs_y = -2},
    {.bitmap_index = 16466, .adv_w = 384, .box_w = 24, .box_h = 23, .ofs_x = 0, .ofs_y = -2},
    {.bitmap_index = 16604, .adv_w = 384, .box_w = 24, .box_h = 23, .ofs_x = 0, .ofs_y = -2},
    {.bitmap_index = 16742, .adv_w = 384, .box_w = 24, .box_h = 24, .ofs_x = 0, .ofs_y = -3},
    {.bitmap_index = 16886, .adv_w = 384, .box_w = 24, .box_h = 24, .ofs_x = 0, .ofs_y = -3},
    {.bitmap_index = 17030, .adv_w = 384, .box_w = 24, .box_h = 23, .ofs_x = 0, .ofs_y = -2},
    {.bitmap_index = 17168, .adv_w = 384, .box_w = 23, .box_h = 23, .ofs_x = 0, .ofs_y = -2},
    {.bitmap_index = 17301, .adv_w = 384, .box_w = 24, .box_h = 23, .ofs_x = 0, .ofs_y = -2},
    {.bitmap_index = 17439, .adv_w = 384, .box_w = 24, .box_h = 22, .ofs_x = 0, .ofs_y = -1},
    {.bitmap_index = 17571, .adv_w = 384, .box_w = 22, .box_h = 21, .ofs_x = 1, .ofs_y = -2},
    {.bitmap_index = 17687, .adv_w = 384, .box_w = 24, .box_h = 23, .ofs_x = 0, .ofs_y = -2},
    {.bitmap_index = 17825, .adv_w = 384, .box_w = 24, .box_h = 24, .ofs_x = 0, .ofs_y = -3},
    {.bitmap_index = 17969, .adv_w = 384, .box_w = 24, .box_h = 24, .ofs_x = 0, .ofs_y = -3},
    {.bitmap_index = 18113, .adv_w = 384, .box_w = 23, .box_h = 24, .ofs_x = 0, .ofs_y = -3},
    {.bitmap_index = 18251, .adv_w = 384, .box_w = 24, .box_h = 23, .ofs_x = 0, .ofs_y = -2},
    {.bitmap_index = 18389, .adv_w = 384, .box_w = 24, .box_h = 23, .ofs_x = 0, .ofs_y = -2},
    {.bitmap_index = 18527, .adv_w = 384, .box_w = 24, .box_h = 23, .ofs_x = 0, .ofs_y = -2},
    {.bitmap_index = 18665, .adv_w = 384, .box_w = 23, .box_h = 23, .ofs_x = 0, .ofs_y = -3},
    {.bitmap_index = 18798, .adv_w = 384, .box_w = 24, .box_h = 24, .ofs_x = 0, .ofs_y = -3},
    {.bitmap_index = 18942, .adv_w = 384, .box_w = 23, .box_h = 23, .ofs_x = 0, .ofs_y = -2},
    {.bitmap_index = 19075, .adv_w = 384, .box_w = 22, .box_h = 22, .ofs_x = 0, .ofs_y = -3},
    {.bitmap_index = 19196, .adv_w = 384, .box_w = 22, .box_h = 23, .ofs_x = 0, .ofs_y = -3},
    {.bitmap_index = 19323, .adv_w = 384, .box_w = 23, .box_h = 23, .ofs_x = 1, .ofs_y = -2},
    {.bitmap_index = 19456, .adv_w = 384, .box_w = 23, .box_h = 23, .ofs_x = 0, .ofs_y = -3},
    {.bitmap_index = 19589, .adv_w = 384, .box_w = 23, .box_h = 24, .ofs_x = 0, .ofs_y = -3},
    {.bitmap_index = 19727, .adv_w = 384, .box_w = 24, .box_h = 23, .ofs_x = 0, .ofs_y = -2},
    {.bitmap_index = 19865, .adv_w = 384, .box_w = 24, .box_h = 23, .ofs_x = 0, .ofs_y = -2},
    {.bitmap_index = 20003, .adv_w = 384, .box_w = 24, .box_h = 23, .ofs_x = 0, .ofs_y = -2},
    {.bitmap_index = 20141, .adv_w = 384, .box_w = 24, .box_h = 23, .ofs_x = 0, .ofs_y = -2},
    {.bitmap_index = 20279, .adv_w = 384, .box_w = 24, .box_h = 23, .ofs_x = 0, .ofs_y = -2},
    {.bitmap_index = 20417, .adv_w = 384, .box_w = 22, .box_h = 22, .ofs_x = 1, .ofs_y = -2},
    {.bitmap_index = 20538, .adv_w = 384, .box_w = 22, .box_h = 22, .ofs_x = 1, .ofs_y = -2},
    {.bitmap_index = 20659, .adv_w = 384, .box_w = 22, .box_h = 24, .ofs_x = 1, .ofs_y = -3},
    {.bitmap_index = 20791, .adv_w = 384, .box_w = 24, .box_h = 24, .ofs_x = 0, .ofs_y = -3},
    {.bitmap_index = 20935, .adv_w = 384, .box_w = 24, .box_h = 24, .ofs_x = 0, .ofs_y = -3},
    {.bitmap_index = 21079, .adv_w = 384, .box_w = 24, .box_h = 24, .ofs_x = 0, .ofs_y = -3},
    {.bitmap_index = 21223, .adv_w = 384, .box_w = 18, .box_h = 23, .ofs_x = 3, .ofs_y = -2},
    {.bitmap_index = 21327, .adv_w = 384, .box_w = 22, .box_h = 24, .ofs_x = 2, .ofs_y = -3},
    {.bitmap_index = 21459, .adv_w = 384, .box_w = 24, .box_h = 24, .ofs_x = 0, .ofs_y = -3},
    {.bitmap_index = 21603, .adv_w = 384, .box_w = 23, .box_h = 23, .ofs_x = 1, .ofs_y = -2},
    {.bitmap_index = 21736, .adv_w = 384, .box_w = 24, .box_h = 23, .ofs_x = 0, .ofs_y = -2},
    {.bitmap_index = 21874, .adv_w = 384, .box_w = 24, .box_h = 24, .ofs_x = 0, .ofs_y = -3},
    {.bitmap_index = 22018, .adv_w = 384, .box_w = 24, .box_h = 24, .ofs_x = 0, .ofs_y = -3},
    {.bitmap_index = 22162, .adv_w = 384, .box_w = 24, .box_h = 24, .ofs_x = 0, .ofs_y = -3},
    {.bitmap_index = 22306, .adv_w = 384, .box_w = 24, .box_h = 24, .ofs_x = 0, .ofs_y = -3},
    {.bitmap_index = 22450, .adv_w = 384, .box_w = 23, .box_h = 24, .ofs_x = 1, .ofs_y = -3},
    {.bitmap_index = 22588, .adv_w = 384, .box_w = 25, .box_h = 24, .ofs_x = 0, .ofs_y = -3},
    {.bitmap_index = 22738, .adv_w = 384, .box_w = 23, .box_h = 24, .ofs_x = 1, .ofs_y = -3},
    {.bitmap_index = 22876, .adv_w = 384, .box_w = 24, .box_h = 23, .ofs_x = 0, .ofs_y = -2},
    {.bitmap_index = 23014, .adv_w = 384, .box_w = 22, .box_h = 24, .ofs_x = 1, .ofs_y = -3},
    {.bitmap_index = 23146, .adv_w = 384, .box_w = 24, .box_h = 24, .ofs_x = 0, .ofs_y = -3},
    {.bitmap_index = 23290, .adv_w = 384, .box_w = 24, .box_h = 24, .ofs_x = 0, .ofs_y = -3},
    {.bitmap_index = 23434, .adv_w = 384, .box_w = 24, .box_h = 24, .ofs_x = 0, .ofs_y = -3},
    {.bitmap_index = 23578, .adv_w = 384, .box_w = 24, .box_h = 24, .ofs_x = 0, .ofs_y = -3},
    {.bitmap_index = 23722, .adv_w = 384, .box_w = 24, .box_h = 23, .ofs_x = 0, .ofs_y = -3},
    {.bitmap_index = 23860, .adv_w = 384, .box_w = 23, .box_h = 24, .ofs_x = 1, .ofs_y = -3},
    {.bitmap_index = 23998, .adv_w = 384, .box_w = 24, .box_h = 24, .ofs_x = 0, .ofs_y = -3},
    {.bitmap_index = 24142, .adv_w = 384, .box_w = 24, .box_h = 24, .ofs_x = 0, .ofs_y = -3},
    {.bitmap_index = 24286, .adv_w = 384, .box_w = 24, .box_h = 24, .ofs_x = 0, .ofs_y = -3},
    {.bitmap_index = 24430, .adv_w = 384, .box_w = 24, .box_h = 24, .ofs_x = 0, .ofs_y = -3},
    {.bitmap_index = 24574, .adv_w = 384, .box_w = 24, .box_h = 24, .ofs_x = 0, .ofs_y = -3},
    {.bitmap_index = 24718, .adv_w = 384, .box_w = 24, .box_h = 24, .ofs_x = 0, .ofs_y = -3},
    {.bitmap_index = 24862, .adv_w = 384, .box_w = 23, .box_h = 24, .ofs_x = 1, .ofs_y = -3},
    {.bitmap_index = 25000, .adv_w = 384, .box_w = 23, .box_h = 23, .ofs_x = 1, .ofs_y = -3},
    {.bitmap_index = 25133, .adv_w = 384, .box_w = 23, .box_h = 23, .ofs_x = 1, .ofs_y = -2},
    {.bitmap_index = 25266, .adv_w = 384, .box_w = 23, .box_h = 22, .ofs_x = 1, .ofs_y = -2},
    {.bitmap_index = 25393, .adv_w = 384, .box_w = 23, .box_h = 24, .ofs_x = 1, .ofs_y = -3},
    {.bitmap_index = 25531, .adv_w = 384, .box_w = 22, .box_h = 23, .ofs_x = 1, .ofs_y = -3},
    {.bitmap_index = 25658, .adv_w = 384, .box_w = 24, .box_h = 24, .ofs_x = 0, .ofs_y = -3},
    {.bitmap_index = 25802, .adv_w = 384, .box_w = 23, .box_h = 23, .ofs_x = 1, .ofs_y = -2},
    {.bitmap_index = 25935, .adv_w = 384, .box_w = 23, .box_h = 23, .ofs_x = 1, .ofs_y = -3},
    {.bitmap_index = 26068, .adv_w = 384, .box_w = 22, .box_h = 23, .ofs_x = 1, .ofs_y = -2},
    {.bitmap_index = 26195, .adv_w = 384, .box_w = 22, .box_h = 24, .ofs_x = 1, .ofs_y = -3},
    {.bitmap_index = 26327, .adv_w = 384, .box_w = 24, .box_h = 24, .ofs_x = 0, .ofs_y = -3},
    {.bitmap_index = 26471, .adv_w = 384, .box_w = 7, .box_h = 10, .ofs_x = 3, .ofs_y = -4},
    {.bitmap_index = 26489, .adv_w = 384, .box_w = 6, .box_h = 17, .ofs_x = 3, .ofs_y = -1}
};

/*---------------------
 *  CHARACTER MAPPING
 *--------------------*/

static const uint16_t unicode_list_1[] = {
    0x0, 0x1f6f, 0x2163, 0x21ae, 0x4d49, 0x4d53, 0x4d54, 0x4d56,
    0x4d57, 0x4d76, 0x4e0e, 0x4e69, 0x4e96, 0x4e97, 0x4eb2, 0x4f26,
    0x4f2a, 0x4f98, 0x4fa5, 0x4ff1, 0x5091, 0x50ae, 0x50ba, 0x510f,
    0x5144, 0x514f, 0x5160, 0x5179, 0x51f1, 0x5208, 0x52bc, 0x52cf,
    0x530b, 0x531f, 0x533b, 0x5340, 0x5355, 0x5357, 0x53b1, 0x54cd,
    0x55b1, 0x5627, 0x5671, 0x5699, 0x5850, 0x585f, 0x5870, 0x587a,
    0x58bc, 0x58c6, 0x5914, 0x5aa1, 0x5ad5, 0x5b0f, 0x5b4f, 0x5b7a,
    0x5bca, 0x5d3b, 0x5d81, 0x5dbd, 0x5e49, 0x5e7a, 0x5e9e, 0x5f0c,
    0x5f21, 0x5f4a, 0x5f70, 0x6068, 0x6159, 0x617d, 0x6180, 0x6194,
    0x61b4, 0x61c7, 0x624a, 0x6250, 0x62ee, 0x6318, 0x6478, 0x64bd,
    0x64f6, 0x64f9, 0x6529, 0x653f, 0x65cb, 0x6673, 0x6683, 0x66aa,
    0x66d9, 0x672e, 0x6750, 0x676a, 0x6791, 0x67ac, 0x6809, 0x6aab,
    0x6aac, 0x6b70, 0x6c2b, 0x6c31, 0x6c94, 0x6cd1, 0x6f95, 0x7002,
    0x71a2, 0x71ff, 0x72d0, 0x7471, 0x7480, 0x761a, 0x774a, 0x77b7,
    0x797c, 0x7a75, 0x7aea, 0x7e25, 0x7e33, 0x7e9a, 0x7eb7, 0x7f4c,
    0x8052, 0x807a, 0x809e, 0x8133, 0x81b8, 0x8386, 0x8426, 0x8789,
    0x87b1, 0x892c, 0x8aed, 0x8af9, 0x8b07, 0x8b13, 0x8b1e, 0x8b40,
    0x8b4c, 0x8c6e, 0x8c71, 0x8cce, 0x8cd4, 0x8cfc, 0x8df4, 0x8ecc,
    0x8edc, 0x8f07, 0x8f10, 0x8f1d, 0x8f27, 0x9031, 0x9096, 0x9116,
    0x9118, 0x94c8, 0x9649, 0x96a2, 0x96a7, 0x97be, 0x98df, 0x9a21,
    0x9ecd, 0xfe55, 0xfe63
};

/*Collect the unicode lists and glyph_id offsets*/
static const lv_font_fmt_txt_cmap_t cmaps[] =
{
    {
        .range_start = 32, .range_length = 95, .glyph_id_start = 1,
        .unicode_list = NULL, .glyph_id_ofs_list = NULL, .list_length = 0, .type = LV_FONT_FMT_TXT_CMAP_FORMAT0_TINY
    },
    {
        .range_start = 183, .range_length = 65124, .glyph_id_start = 96,
        .unicode_list = unicode_list_1, .glyph_id_ofs_list = NULL, .list_length = 163, .type = LV_FONT_FMT_TXT_CMAP_SPARSE_TINY
    }
};

/*-----------------
 *    KERNING
 *----------------*/


/*Map glyph_ids to kern left classes*/
static const uint8_t kern_left_class_mapping[] =
{
    0, 0, 0, 1, 0, 0, 0, 0,
    1, 2, 0, 0, 0, 3, 4, 3,
    5, 0, 0, 0, 0, 0, 0, 0,
    0, 0, 0, 6, 6, 0, 0, 0,
    0, 0, 7, 8, 9, 10, 11, 12,
    13, 0, 0, 14, 15, 16, 0, 0,
    10, 17, 10, 18, 19, 20, 21, 22,
    23, 24, 25, 26, 2, 27, 0, 0,
    0, 0, 28, 29, 30, 0, 31, 32,
    33, 34, 0, 0, 35, 36, 34, 34,
    29, 29, 37, 38, 39, 40, 37, 41,
    42, 43, 44, 45, 2, 0, 0, 0,
    0, 0, 0, 0, 0, 0, 0, 0,
    0, 0, 0, 0, 0, 0, 0, 0,
    0, 0, 0, 0, 0, 0, 0, 0,
    0, 0, 0, 0, 0, 0, 0, 0,
    0, 0, 0, 0, 0, 0, 0, 0,
    0, 0, 0, 0, 0, 0, 0, 0,
    0, 0, 0, 0, 0, 0, 0, 0,
    0, 0, 0, 0, 0, 0, 0, 0,
    0, 0, 0, 0, 0, 0, 0, 0,
    0, 0, 0, 0, 0, 0, 0, 0,
    0, 0, 0, 0, 0, 0, 0, 0,
    0, 0, 0, 0, 0, 0, 0, 0,
    0, 0, 0, 0, 0, 0, 0, 0,
    0, 0, 0, 0, 0, 0, 0, 0,
    0, 0, 0, 0, 0, 0, 0, 0,
    0, 0, 0, 0, 0, 0, 0, 0,
    0, 0, 0, 0, 0, 0, 0, 0,
    0, 0, 0, 0, 0, 0, 0, 0,
    0, 0, 0, 0, 0, 0, 0, 0,
    0, 0, 0, 0, 0, 0, 0, 0,
    0, 0, 0
};

/*Map glyph_ids to kern right classes*/
static const uint8_t kern_right_class_mapping[] =
{
    0, 0, 1, 2, 0, 0, 0, 0,
    2, 0, 3, 4, 0, 5, 6, 7,
    8, 0, 0, 0, 0, 0, 0, 0,
    0, 0, 0, 9, 10, 0, 0, 0,
    11, 0, 12, 0, 13, 0, 0, 0,
    13, 0, 0, 14, 0, 0, 0, 0,
    13, 0, 13, 0, 15, 16, 17, 18,
    19, 20, 21, 22, 0, 23, 3, 0,
    0, 0, 24, 0, 25, 25, 25, 26,
    27, 0, 28, 29, 0, 0, 30, 30,
    25, 30, 25, 30, 31, 32, 33, 34,
    35, 36, 37, 38, 0, 0, 3, 0,
    0, 0, 0, 0, 0, 0, 0, 0,
    0, 0, 0, 0, 0, 0, 0, 0,
    0, 0, 0, 0, 0, 0, 0, 0,
    0, 0, 0, 0, 0, 0, 0, 0,
    0, 0, 0, 0, 0, 0, 0, 0,
    0, 0, 0, 0, 0, 0, 0, 0,
    0, 0, 0, 0, 0, 0, 0, 0,
    0, 0, 0, 0, 0, 0, 0, 0,
    0, 0, 0, 0, 0, 0, 0, 0,
    0, 0, 0, 0, 0, 0, 0, 0,
    0, 0, 0, 0, 0, 0, 0, 0,
    0, 0, 0, 0, 0, 0, 0, 0,
    0, 0, 0, 0, 0, 0, 0, 0,
    0, 0, 0, 0, 0, 0, 0, 0,
    0, 0, 0, 0, 0, 0, 0, 0,
    0, 0, 0, 0, 0, 0, 0, 0,
    0, 0, 0, 0, 0, 0, 0, 0,
    0, 0, 0, 0, 0, 0, 0, 0,
    0, 0, 0, 0, 0, 0, 0, 0,
    0, 0, 0, 0, 0, 0, 0, 0,
    0, 0, 0
};

/*Kern values between classes*/
static const int8_t kern_class_values[] =
{
    0, 0, 0, 0, -56, 0, -56, 0,
    0, 0, 0, -30, 0, -47, -5, 0,
    0, 0, 0, -5, 0, 0, 0, 0,
    -8, 0, 0, 0, 0, 0, -9, 0,
    0, 0, 0, 0, 0, 0, 0, 0,
    0, 0, 0, 0, 0, 0, 0, 0,
    0, 0, 0, -9, 0, 0, 0, 0,
    0, 0, 0, 0, 0, 0, 0, 0,
    0, 0, 35, 0, 0, 0, 0, 0,
    0, 0, 0, 0, 0, -52, 0, -70,
    0, 0, 0, 0, 0, 0, 0, 0,
    0, 0, 0, -43, -11, -32, -16, 0,
    -46, 0, 0, 0, -5, 0, 0, 0,
    15, 0, 0, -26, 0, -23, -14, 0,
    -9, 0, 0, 0, 0, 0, 0, 0,
    0, 0, 0, 0, 0, 0, 0, -9,
    -11, -23, 0, -8, -5, -15, -32, -9,
    0, 0, 0, 0, 0, 0, 0, 0,
    0, -10, 0, -6, 0, -7, 0, 0,
    0, 0, 0, 0, 0, 0, 0, 0,
    0, 0, 0, -17, -5, -35, 0, 0,
    0, 0, 0, 0, 0, 0, 0, -12,
    -9, 0, -5, 5, 5, 0, 0, 0,
    -9, 0, 0, 0, 0, 0, 0, 0,
    0, -15, 0, 0, 0, 0, 0, 0,
    0, 0, 0, 0, 0, 0, 0, 0,
    0, 0, -15, 0, 0, 0, 0, 0,
    0, 0, 2, 0, 0, 0, 0, 0,
    0, 0, 0, 0, 0, -30, 0, -38,
    0, 0, 0, 0, 0, 0, -15, -1,
    -5, 0, 0, -30, -5, -7, 0, -2,
    -7, -2, -17, 7, 0, -5, 0, 0,
    0, 0, 7, -7, -1, -6, -3, -3,
    -6, 0, 0, 0, 0, -13, 0, 0,
    0, 0, 0, 0, 0, 0, 0, -8,
    -7, -12, 0, -5, -3, -3, -7, -3,
    0, 0, 0, 0, 0, 0, 0, 0,
    0, -5, 0, -7, -5, -5, -7, 0,
    0, 0, 0, 0, 0, -15, 0, 0,
    0, 0, 0, 0, -15, -5, -12, -6,
    -7, -3, -3, -3, -6, -5, 0, 0,
    0, 0, -9, 0, 0, 0, 0, -15,
    -5, -7, -5, 0, -7, 0, 0, 0,
    0, -12, 0, 0, 0, -6, 0, 0,
    0, -5, 0, -22, 0, -12, 0, -5,
    -1, -11, -9, -9, 0, 0, 0, 0,
    0, 0, 0, 0, 0, 0, 0, 0,
    0, -7, 0, -6, 0, 0, 0, 0,
    0, 0, 0, 0, 0, 0, 0, 0,
    0, 0, 0, 0, 0, 0, 0, 0,
    0, 0, 0, 0, -5, 0, 0, 0,
    0, 0, 0, -12, 0, -5, 0, -18,
    -5, 0, 0, 0, 0, 0, -38, 0,
    -38, -23, 0, 0, 0, -17, -5, -59,
    -11, 0, 0, -2, -2, -12, -4, -13,
    0, -16, -7, 0, -12, 0, 0, -9,
    -11, -5, -8, -13, -10, -15, -10, -20,
    0, 0, 0, -10, 0, 0, 0, 0,
    0, 0, 0, -3, 0, 0, 0, -9,
    0, -7, -3, 0, 0, 0, 0, 0,
    0, 0, 0, 0, 0, 0, 0, 0,
    0, 0, 0, 0, 0, 0, 0, 0,
    0, 0, -12, 0, -12, 0, 0, 0,
    0, 0, 0, -17, 0, 0, 0, 0,
    0, 0, 0, 0, 0, 0, 0, 0,
    0, 0, 0, 0, 0, 0, 0, 0,
    0, 0, 0, 0, 0, -13, 0, -17,
    0, -20, 0, 0, 0, 0, -6, -5,
    -11, 0, -7, -11, -7, -7, -5, 0,
    -10, 0, 0, 0, -6, 0, 0, 0,
    -5, 0, 0, -21, -5, -13, -10, -10,
    -13, -7, 0, -55, 0, -73, 0, -20,
    0, 0, 0, 0, -20, -2, -15, 0,
    -12, -52, -15, -34, -25, 0, -36, 0,
    -35, 0, -6, -7, -3, 0, 0, 0,
    0, -11, -5, -21, -16, 0, -21, 0,
    0, 0, 0, 0, -55, -12, -55, -25,
    0, 0, 0, -22, 0, -62, -5, -7,
    0, 0, 0, -12, -5, -25, 0, -16,
    -10, 0, -9, 0, 0, 0, -5, 0,
    0, 0, 0, -7, 0, -9, 0, 0,
    0, -5, 0, -13, 0, 0, 0, 0,
    0, -3, 0, -6, -6, -7, 0, -3,
    1, -3, -5, -5, 0, -3, -5, 0,
    -3, 0, 0, 0, 0, 0, 0, 0,
    0, -6, 0, -6, 0, 0, 0, -6,
    0, 7, 0, 0, 0, 0, 0, 0,
    0, -7, -7, -9, 0, 0, 0, 0,
    -7, 0, 0, 0, 0, 0, 0, 0,
    0, 0, 0, -12, 0, 0, 0, 0,
    0, -5, 0, 0, 0, 0, -50, -29,
    -50, -32, -9, -9, 0, -17, -12, -54,
    -13, 0, 0, 0, 0, -9, -7, -20,
    0, -29, -32, -6, -29, 0, 0, -19,
    -26, -6, -19, -12, -12, -13, -12, -29,
    0, 0, 0, 0, -10, 0, -10, -9,
    0, 0, 0, -6, 0, -23, -5, 0,
    0, -3, 0, -5, -7, 0, 0, -3,
    0, 0, -5, 0, 0, 0, -3, 0,
    0, 0, 0, -6, 0, 0, 0, 0,
    0, 0, -32, -8, -32, -14, 0, 0,
    0, -7, -5, -29, -5, 0, -5, 5,
    0, 0, 0, -8, 0, -14, -8, 0,
    -9, 0, 0, -9, -7, 0, -13, -4,
    -4, -8, -4, -10, 0, 0, 0, 0,
    -16, -5, -16, -6, 0, 0, 0, 0,
    -1, -23, -1, 0, 0, 0, 0, 0,
    0, -1, 0, -6, 0, 0, -3, 0,
    0, 0, 0, 0, 0, 0, 0, 0,
    0, -5, 0, -5, 0, -5, 0, -15,
    0, 0, 0, 0, 0, -2, -11, -5,
    -7, -9, -5, 0, 0, 0, 0, 0,
    0, -5, -6, -10, 0, 0, 0, 0,
    0, -10, -5, -10, -7, -5, -10, -7,
    0, 0, 0, 0, -46, -32, -46, -23,
    -14, -14, -6, -7, -7, -43, -8, -7,
    -5, 0, 0, 0, 0, -10, 0, -32,
    -22, 0, -26, 0, 0, -17, -22, -20,
    -16, -7, -12, -16, -7, -23, 0, 0,
    0, 0, 0, -12, 0, 0, 0, 0,
    0, -1, -9, -12, -13, 0, -5, -1,
    -1, 0, -7, -6, 0, -6, -7, -9,
    -5, 0, 0, 0, 0, -7, -7, -6,
    -6, -12, -6, 0, 0, 0, 0, 0,
    0, 0, 0, 0, 0, 0, 0, 0,
    0, 0, 0, -31, -8, -20, -8, 0,
    -29, 0, 0, 0, 0, 0, 12, 0,
    29, 0, 0, 0, 0, -9, -5, 0,
    3, 0, 0, 0, 0, -20, 0, 0,
    0, 0, 0, 0, -12, 0, 0, 0,
    0, -12, 0, -10, -3, 0, -12, 0,
    0, 0, 0, 0, 0, 0, 0, 0,
    0, -7, 0, 0, 0, 0, 0, 0,
    0, -8, 0, -5, -5, 1, -5, 0,
    0, 0, -12, 0, 0, 0, 0, -26,
    0, -8, 0, -3, -23, 0, -15, -5,
    0, -2, 0, 0, 0, 0, -2, -11,
    0, -3, -3, -11, -3, -5, 0, 0,
    0, 0, 0, -13, 0, 0, 0, 0,
    0, 0, 0, 0, 0, -9, 0, -7,
    0, 0, -12, 0, 0, -5, -12, 0,
    -5, 0, 0, 0, 0, -5, 0, 1,
    1, 0, 1, 0, 0, 0, 0, -12,
    0, 5, 0, 0, 0, 0, -6, 0,
    0, -9, -9, -12, 0, -10, -5, 0,
    -15, 0, -13, -5, 0, -2, -5, 0,
    0, 0, 0, -5, 0, -2, -2, -6,
    -2, -2, 3, 17, 17, 0, -26, -7,
    -26, -3, 0, 0, 10, 0, 0, 0,
    0, 19, 0, 27, 19, 12, 22, 0,
    17, -9, -5, 0, -5, 0, -5, 0,
    -3, 0, 0, 3, 0, -3, 0, -7,
    0, 0, 3, -12, 0, 0, 0, 15,
    0, 0, -19, 0, 0, 0, 0, -15,
    0, 0, 0, 0, -7, 0, 0, -8,
    -7, 0, 0, 0, 19, 0, 0, 0,
    0, -3, -3, 0, 3, -7, 0, 0,
    0, -12, 0, 0, 0, 0, 0, 0,
    -6, 0, 0, 0, 0, -12, 0, -5,
    0, 0, -10, 0, 0, 0, 0, 0,
    0, 0, 0, 0, 0, 0, 0, 0,
    0, 0, 0, 0, 0, 0, 0, -9,
    3, -32, 3, 0, 3, 3, -12, 0,
    0, 0, 0, -21, 0, 0, 0, 0,
    -7, 0, 0, -5, -11, 0, -5, 0,
    -5, 0, 0, -13, -7, 0, 0, -6,
    0, -6, 0, 0, 0, 0, 0, 0,
    0, 0, 0, 0, 0, 0, 0, 0,
    0, 0, 0, 0, 0, 0, 0, 0,
    0, 0, 0, 0, 0, 0, 5, 0,
    0, 0, 0, 0, 0, 0, 0, 0,
    0, 0, 0, -7, 0, 0, 0, 0,
    0, 0, 0, 0, 0, 0, 0, -9,
    0, -7, 0, 0, -13, 0, 0, 0,
    0, 0, 0, 0, 0, 0, 0, 0,
    0, 0, 0, 0, 0, 0, 0, 0,
    0, 0, -35, -12, -35, -12, 5, 5,
    0, -7, 0, -30, 0, 0, 0, 0,
    0, 0, 0, -5, 3, -12, -5, 0,
    -5, 0, 0, 0, -3, 0, 0, 5,
    4, 0, 5, -3, 0, 0, 0, -15,
    0, 5, 0, 0, 0, 0, -9, 0,
    0, 0, 0, -12, 0, -5, 0, 0,
    -9, 0, 0, 0, 0, 0, 0, 0,
    0, 0, 0, -9, 0, 0, 0, 0,
    0, 0, 0, 0, 0, 0, -3, -15,
    -3, 0, 3, 3, -15, 0, 0, 0,
    0, -7, 0, 0, 0, 0, -3, 0,
    0, -9, -7, 0, -5, 0, 0, 0,
    -5, -9, 0, 0, 0, -6, 0, 0,
    0, 0, 0, -5, -23, -6, -23, -9,
    0, 0, 0, -5, 0, -17, 0, -9,
    0, -4, 0, 0, -7, -5, 0, -9,
    -3, 0, 0, 0, -5, 0, 0, 0,
    0, 0, 0, 0, 0, -12, 0, 0,
    0, -5, -31, 0, -31, -2, 0, 0,
    0, -3, 0, -13, 0, -12, 0, -4,
    0, -7, -12, 0, 0, -5, -3, 0,
    0, 0, -5, 0, 0, 0, 0, 0,
    0, 0, 0, -11, -7, 0, 0, -9,
    6, -7, -6, 0, 0, 6, 0, 0,
    -5, 0, -3, -12, 0, -8, 0, -5,
    -16, 0, 0, -5, -11, 0, 0, 0,
    0, 0, 0, -12, 0, 0, 0, 0,
    -5, 0, 0, 0, 0, 0, -23, 0,
    -23, -3, 0, 0, 0, 0, 0, -17,
    0, -9, 0, -3, 0, -3, -6, 0,
    0, -9, -3, 0, 0, 0, -5, 0,
    0, 0, 0, 0, 0, -7, 0, -12,
    0, 0, 0, 0, 0, -10, 0, 0,
    0, 0, 0, 0, 0, 0, 0, -10,
    0, 0, 0, 0, -8, 0, 0, -7,
    -5, 0, -1, 0, 0, 0, 0, 0,
    -5, -3, 0, 0, -3, 0
};


/*Collect the kern class' data in one place*/
static const lv_font_fmt_txt_kern_classes_t kern_classes =
{
    .class_pair_values   = kern_class_values,
    .left_class_mapping  = kern_left_class_mapping,
    .right_class_mapping = kern_right_class_mapping,
    .left_class_cnt      = 45,
    .right_class_cnt     = 38,
};

/*--------------------
 *  ALL CUSTOM DATA
 *--------------------*/

#if LVGL_VERSION_MAJOR == 8
/*Store all the custom data of the font*/
static  lv_font_fmt_txt_glyph_cache_t cache;
#endif

#if LVGL_VERSION_MAJOR >= 8
static const lv_font_fmt_txt_dsc_t font_dsc = {
#else
static lv_font_fmt_txt_dsc_t font_dsc = {
#endif
    .glyph_bitmap = glyph_bitmap,
    .glyph_dsc = glyph_dsc,
    .cmaps = cmaps,
    .kern_dsc = &kern_classes,
    .kern_scale = 16,
    .cmap_num = 2,
    .bpp = 2,
    .kern_classes = 1,
    .bitmap_format = 0,
#if LVGL_VERSION_MAJOR == 8
    .cache = &cache
#endif

};



/*-----------------
 *  PUBLIC FONT
 *----------------*/

/*Initialize a public general font descriptor*/
#if LVGL_VERSION_MAJOR >= 8
const lv_font_t lv_font_source_han_sans_bold_24 = {
#else
lv_font_t lv_font_source_han_sans_bold_24 = {
#endif
    .get_glyph_dsc = lv_font_get_glyph_dsc_fmt_txt,    /*Function pointer to get glyph's data*/
    .get_glyph_bitmap = lv_font_get_bitmap_fmt_txt,    /*Function pointer to get glyph's bitmap*/
    .line_height = 29,          /*The maximum line height required by the font*/
    .base_line = 7,             /*Baseline measured from the bottom of the line*/
#if !(LVGL_VERSION_MAJOR == 6 && LVGL_VERSION_MINOR == 0)
    .subpx = LV_FONT_SUBPX_NONE,
#endif
#if LV_VERSION_CHECK(7, 4, 0) || LVGL_VERSION_MAJOR >= 8
    .underline_position = -3,
    .underline_thickness = 1,
#endif
    //.static_bitmap = 0,       LVGL 8版本需要删掉该行
    .dsc = &font_dsc,          /*The custom font data. Will be accessed by `get_glyph_bitmap/dsc` */
#if LV_VERSION_CHECK(8, 2, 0) || LVGL_VERSION_MAJOR >= 9
    .fallback = NULL,
#endif
    .user_data = NULL,
};



#endif /*#if LV_FONT_SOURCE_HAN_SANS_BOLD_24*/
